DATEV,UIUSG,UEUSG,IFSPEED
4/19/2016 0:00,3.32,40.83,150
4/19/2016 0:15,2.48,39.13,150
4/19/2016 0:30,2.38,33.35,150
4/19/2016 0:45,1.94,28.19,150
4/19/2016 1:00,1.3,21.64,150
4/19/2016 1:15,1.75,20.97,150
4/19/2016 1:30,1.93,18.8,150
4/19/2016 1:45,1.69,14.21,150
4/19/2016 2:00,1.3,14.29,150
4/19/2016 2:15,1.26,12.42,150
4/19/2016 2:30,1.36,12.76,150
4/19/2016 2:45,1.56,13.9,150
4/19/2016 3:00,1.6,13.43,150
4/19/2016 3:15,1.9,13.84,150
4/19/2016 3:30,1.53,15.6,150
4/19/2016 3:45,1.33,13.26,150
4/19/2016 4:00,1.4,12.13,150
4/19/2016 4:15,1.67,14.39,150
4/19/2016 4:30,1.42,15.07,150
4/19/2016 4:45,1.38,13.88,150
4/19/2016 5:00,1.09,14.27,150
4/19/2016 5:15,1.19,12.12,150
4/19/2016 5:30,1.49,13.2,150
4/19/2016 5:45,1.73,15.39,150
4/19/2016 6:00,1.93,15.37,150
4/19/2016 6:15,2.07,10.97,150
4/19/2016 6:30,1.7,13.88,150
4/19/2016 6:45,1.69,16.32,150
4/19/2016 7:00,2.65,25.75,150
4/19/2016 7:15,3.14,28.79,150
4/19/2016 7:30,2.96,25.67,150
4/19/2016 7:45,2.92,26.43,150
4/19/2016 8:00,3.1,28.74,150
4/19/2016 8:15,1.91,24.61,150
4/19/2016 8:30,1.92,34.41,150
4/19/2016 8:45,2.22,34.75,150
4/19/2016 9:00,2.04,32.54,150
4/19/2016 9:15,2.76,34.68,150
4/19/2016 9:30,3.14,38.28,150
4/19/2016 9:45,3.14,38.95,150
4/19/2016 10:00,2.99,38.81,150
4/19/2016 10:15,2.49,31,150
4/19/2016 10:30,2.52,29.96,150
4/19/2016 10:45,3.05,32.56,150
4/19/2016 11:00,3.16,31.6,150
4/19/2016 11:15,2.59,30.88,150
4/19/2016 11:30,2.47,32.75,150
4/19/2016 11:45,2.21,28.33,150
4/19/2016 12:00,2.21,28.7,150
4/19/2016 12:15,2.88,35.97,150
4/19/2016 12:30,3.33,37.88,150
4/19/2016 12:45,3.38,40.06,150
4/19/2016 13:00,3.28,38.27,150
4/19/2016 13:15,3.44,47.11,150
4/19/2016 13:30,3.15,39.02,150
4/19/2016 13:45,3.56,29.86,150
4/19/2016 14:00,3.87,31.65,150
4/19/2016 14:15,3.49,37.79,150
4/19/2016 14:30,3.36,39.2,150
4/19/2016 14:45,3.33,41.59,150
4/19/2016 15:00,3.27,40.37,150
4/19/2016 15:15,3.33,43.37,150
4/19/2016 15:30,3.89,49.54,150
4/19/2016 15:45,4.51,58.1,150
4/19/2016 16:00,5.37,67.7,150
4/19/2016 16:15,5.55,76.38,150
4/19/2016 16:30,5.87,72.2,150
4/19/2016 16:45,4.94,59.48,150
4/19/2016 17:00,5.71,58.62,150
4/19/2016 17:15,5.98,65.64,150
4/19/2016 17:30,5.51,57.06,150
4/19/2016 17:45,5.43,60.39,150
4/19/2016 18:00,5.15,60.69,150
4/19/2016 18:15,5.24,57.42,150
4/19/2016 18:30,5.9,64.75,150
4/19/2016 18:45,5.69,63.2,150
4/19/2016 19:00,5.02,60.11,150
4/19/2016 19:15,4.67,63.26,150
4/19/2016 19:30,4.98,70.12,150
4/19/2016 19:45,5.17,75.52,150
4/19/2016 20:00,5.71,73.6,150
4/19/2016 20:15,5.86,75.69,150
4/19/2016 20:30,6.66,73.08,150
4/19/2016 20:45,5.32,57.19,150
4/19/2016 21:00,6.44,61.9,150
4/19/2016 21:15,5.03,53.29,150
4/19/2016 21:30,5.33,63.24,150
4/19/2016 21:45,5.48,63.47,150
4/19/2016 22:00,4.99,61.85,150
4/19/2016 22:15,6.04,52.07,150
4/19/2016 22:30,7.1,56.09,150
4/19/2016 22:45,7.59,55.33,150
4/19/2016 23:00,7.09,61.33,150
4/19/2016 23:15,6.28,58.92,150
4/19/2016 23:30,5.9,57.8,150
4/19/2016 23:45,4.97,51.34,150
4/20/2016 0:00,4.97,53.67,150
4/20/2016 0:15,4.94,49.62,150
4/20/2016 0:30,4.21,45.32,150
4/20/2016 0:45,3.33,40.28,150
4/20/2016 1:00,2.91,28.12,150
4/20/2016 1:15,2.42,27.49,150
4/20/2016 1:30,2.67,21.27,150
4/20/2016 1:45,2.64,18.24,150
4/20/2016 2:00,2.02,15.99,150
4/20/2016 2:15,1.85,21.37,150
4/20/2016 2:30,1.82,20.99,150
4/20/2016 2:45,1.62,16.63,150
4/20/2016 3:00,1.85,15.02,150
4/20/2016 3:15,2.23,21.08,150
4/20/2016 3:30,1.83,20.27,150
4/20/2016 3:45,1.76,21.38,150
4/20/2016 4:00,1.98,21.77,150
4/20/2016 4:15,1.99,21.83,150
4/20/2016 4:30,1.63,19.24,150
4/20/2016 4:45,1.97,22.39,150
4/20/2016 5:00,1.77,18.51,150
4/20/2016 5:15,1.75,13.99,150
4/20/2016 5:30,1.74,14.96,150
4/20/2016 5:45,1.92,16.26,150
4/20/2016 6:00,1.69,13.85,150
4/20/2016 6:15,2.15,19.14,150
4/20/2016 6:30,1.81,14.44,150
4/20/2016 6:45,2.58,20.01,150
4/20/2016 7:00,2.78,25.7,150
4/20/2016 7:15,1.99,27.53,150
4/20/2016 7:30,2.25,27.21,150
4/20/2016 7:45,1.55,18.92,150
4/20/2016 8:00,1.62,18.65,150
4/20/2016 8:15,1.77,15.92,150
4/20/2016 8:30,1.47,21.93,150
4/20/2016 8:45,1.54,20.86,150
4/20/2016 9:00,1.93,20.97,150
4/20/2016 9:15,2.42,23.17,150
4/20/2016 9:30,1.75,20.8,150
4/20/2016 9:45,1.52,16.9,150
4/20/2016 10:00,1.55,18.21,150
4/20/2016 10:15,1.43,17.11,150
4/20/2016 10:30,1.73,20.36,150
4/20/2016 10:45,1.82,23.44,150
4/20/2016 11:00,1.89,25.02,150
4/20/2016 11:15,2.82,26.73,150
4/20/2016 11:30,2.85,36.39,150
4/20/2016 11:45,3.88,39.17,150
4/20/2016 12:00,2.64,34.56,150
4/20/2016 12:15,2.77,31.25,150
4/20/2016 12:30,3.09,37.77,150
4/20/2016 12:45,2.39,36.72,150
4/20/2016 13:00,2.65,37.7,150
4/20/2016 13:15,2.2,38.55,150
4/20/2016 13:30,2.45,34.6,150
4/20/2016 13:45,2.51,40.91,150
4/20/2016 14:00,3.28,43.24,150
4/20/2016 14:15,2.82,44.45,150
4/20/2016 14:30,2.56,38.87,150
4/20/2016 14:45,2.57,35.68,150
4/20/2016 15:00,2.39,32.77,150
4/20/2016 15:15,2.59,29.02,150
4/20/2016 15:30,2.94,26.99,150
4/20/2016 15:45,3.18,34.96,150
4/20/2016 16:00,4.03,54.89,150
4/20/2016 16:15,4.09,63.1,150
4/20/2016 16:30,3.81,60.12,150
4/20/2016 16:45,4.74,61.93,150
4/20/2016 17:00,4.23,57.21,150
4/20/2016 17:15,4.74,61.16,150
4/20/2016 17:30,5.09,62.34,150
4/20/2016 17:45,5.64,62.88,150
4/20/2016 18:00,5.03,56.15,150
4/20/2016 18:15,3.9,52.41,150
4/20/2016 18:30,3.45,48.06,150
4/20/2016 18:45,4.16,50.93,150
4/20/2016 19:00,4.14,54.2,150
4/20/2016 19:15,4.49,55.03,150
4/20/2016 19:30,4.77,56.37,150
4/20/2016 19:45,5.12,56.39,150
4/20/2016 20:00,5.37,65.06,150
4/20/2016 20:15,7.23,74.08,150
4/20/2016 20:30,6.14,79.71,150
4/20/2016 20:45,5.95,82.34,150
4/20/2016 21:00,6.25,85.33,150
4/20/2016 21:15,6.63,80.18,150
4/20/2016 21:30,5.46,76.96,150
4/20/2016 21:45,5.52,72.3,150
4/20/2016 22:00,5.5,69.56,150
4/20/2016 22:15,5.17,68.08,150
4/20/2016 22:30,4.87,53.17,150
4/20/2016 22:45,5.4,51.22,150
4/20/2016 23:00,6.56,51.26,150
4/20/2016 23:15,5.42,42.35,150
4/20/2016 23:30,5.16,38.94,150
4/20/2016 23:45,5.4,46.58,150
4/21/2016 0:00,4.52,45.2,150
4/21/2016 0:15,4.68,42.31,150
4/21/2016 0:30,4.87,40.88,150
4/21/2016 0:45,4.58,39.22,150
4/21/2016 1:00,3.29,35.01,150
4/21/2016 1:15,3.08,35.24,150
4/21/2016 1:30,2.41,31.24,150
4/21/2016 1:45,2.99,37.56,150
4/21/2016 2:00,2.28,31.36,150
4/21/2016 2:15,2.21,30.58,150
4/21/2016 2:30,2.26,26.78,150
4/21/2016 2:45,1.59,22.18,150
4/21/2016 3:00,1.3,18.44,150
4/21/2016 3:15,1.47,21.74,150
4/21/2016 3:30,1.91,22.44,150
4/21/2016 3:45,2.58,21.66,150
4/21/2016 4:00,2.23,17.76,150
4/21/2016 4:15,2.14,18.69,150
4/21/2016 4:30,1.83,15.46,150
4/21/2016 4:45,1.55,14.62,150
4/21/2016 5:00,1.35,12.72,150
4/21/2016 5:15,1.46,11.77,150
4/21/2016 5:30,0.89,10.54,150
4/21/2016 5:45,1.07,12.98,150
4/21/2016 6:00,1.19,10.54,150
4/21/2016 6:15,1.59,11.07,150
4/21/2016 6:30,1.76,14.47,150
4/21/2016 6:45,1.6,18.02,150
4/21/2016 7:00,1.88,22.59,150
4/21/2016 7:15,2.51,22.52,150
4/21/2016 7:30,1.75,22.92,150
4/21/2016 7:45,1.86,22.73,150
4/21/2016 8:00,1.62,21.27,150
4/21/2016 8:15,1.39,19.43,150
4/21/2016 8:30,1.45,16.29,150
4/21/2016 8:45,1.39,19.79,150
4/21/2016 9:00,1.87,21.4,150
4/21/2016 9:15,1.81,25.17,150
4/21/2016 9:30,1.93,24.43,150
4/21/2016 9:45,1.74,18.69,150
4/21/2016 10:00,1.69,17.61,150
4/21/2016 10:15,2.66,24.61,150
4/21/2016 10:30,2.53,24.28,150
4/21/2016 10:45,2.71,20.85,150
4/21/2016 11:00,2,26.3,150
4/21/2016 11:15,2.59,26.3,150
4/21/2016 11:30,3.15,29.56,150
4/21/2016 11:45,2.81,25.46,150
4/21/2016 12:00,2.67,24.08,150
4/21/2016 12:15,2.72,25.31,150
4/21/2016 12:30,3.19,28.95,150
4/21/2016 12:45,3.3,27.15,150
4/21/2016 13:00,3.19,26.74,150
4/21/2016 13:15,2.87,24.23,150
4/21/2016 13:30,2.3,20.37,150
4/21/2016 13:45,2.55,21.7,150
4/21/2016 14:00,2.81,28.59,150
4/21/2016 14:15,2.67,26.84,150
4/21/2016 14:30,3.2,33.8,150
4/21/2016 14:45,3.11,31.34,150
4/21/2016 15:00,3,31.89,150
4/21/2016 15:15,3.09,30.35,150
4/21/2016 15:30,2.64,30.43,150
4/21/2016 15:45,3.04,39.17,150
4/21/2016 16:00,3.54,57.73,150
4/21/2016 16:15,3.65,53.29,150
4/21/2016 16:30,3.78,55.4,150
4/21/2016 16:45,3.94,51.42,150
4/21/2016 17:00,3.69,45.72,150
4/21/2016 17:15,3.84,52.97,150
4/21/2016 17:30,4.02,56.2,150
4/21/2016 17:45,4.28,60.48,150
4/21/2016 18:00,5.38,65.26,150
4/21/2016 18:15,5.72,71.45,150
4/21/2016 18:30,5.44,73.44,150
4/21/2016 18:45,5.21,66.27,150
4/21/2016 19:00,5.35,69.27,150
4/21/2016 19:15,5.14,73.2,150
4/21/2016 19:30,6.46,76.17,150
4/21/2016 19:45,6.05,70.17,150
4/21/2016 20:00,6.42,78.42,150
4/21/2016 20:15,6.67,82.51,150
4/21/2016 20:30,5.67,77.03,150
4/21/2016 20:45,6.21,71,150
4/21/2016 21:00,7.25,74.86,150
4/21/2016 21:15,6.42,69.08,150
4/21/2016 21:30,6.37,75.74,150
4/21/2016 21:45,6.14,70.29,150
4/21/2016 22:00,5.43,65.22,150
4/21/2016 22:15,5.07,66.73,150
4/21/2016 22:30,4.75,60.03,150
4/21/2016 22:45,3.88,52.39,150
4/21/2016 23:00,4.65,50.56,150
4/21/2016 23:15,4.61,45.24,150
4/21/2016 23:30,4.4,43.12,150
4/21/2016 23:45,4.11,36.66,150
4/22/2016 0:00,3.8,39.54,150
4/22/2016 0:15,3.12,30.2,150
4/22/2016 0:30,3.11,29.97,150
4/22/2016 0:45,2.84,28.29,150
4/22/2016 1:00,3.17,28.93,150
4/22/2016 1:15,2.92,28.4,150
4/22/2016 1:30,2.18,20.01,150
4/22/2016 1:45,1.86,15.91,150
4/22/2016 2:00,2.45,12.84,150
4/22/2016 2:15,2.16,10.24,150
4/22/2016 2:30,1.84,8.77,150
4/22/2016 2:45,2.16,13.21,150
4/22/2016 3:00,1.8,10.24,150
4/22/2016 3:15,1.59,13.64,150
4/22/2016 3:30,1.38,16.31,150
4/22/2016 3:45,1.33,14.05,150
4/22/2016 4:00,1.61,10.31,150
4/22/2016 4:15,2.08,10.18,150
4/22/2016 4:30,1.69,6.52,150
4/22/2016 4:45,1.38,7.58,150
4/22/2016 5:00,1.23,7.35,150
4/22/2016 5:15,0.92,7.37,150
4/22/2016 5:30,1.19,12.65,150
4/22/2016 5:45,1.39,10.68,150
4/22/2016 6:00,2.26,13.06,150
4/22/2016 6:15,2.09,12.22,150
4/22/2016 6:30,1.4,11.89,150
4/22/2016 6:45,1.54,17.56,150
4/22/2016 7:00,2.28,20.87,150
4/22/2016 7:15,2.39,19.7,150
4/22/2016 7:30,2.53,23.49,150
4/22/2016 7:45,2.22,21.93,150
4/22/2016 8:00,2.47,17.92,150
4/22/2016 8:15,2.08,20.05,150
4/22/2016 8:30,2.51,27.07,150
4/22/2016 8:45,2.25,20.63,150
4/22/2016 9:00,2.47,24.46,150
4/22/2016 9:15,2.16,22.05,150
4/22/2016 9:30,2.51,25.49,150
4/22/2016 9:45,2.75,28.25,150
4/22/2016 10:00,2.69,30.06,150
4/22/2016 10:15,2.55,26.4,150
4/22/2016 10:30,2.75,28.27,150
4/22/2016 10:45,2.97,28.84,150
4/22/2016 11:00,3.02,26.98,150
4/22/2016 11:15,2.47,25.07,150
4/22/2016 11:30,2.33,23.52,150
4/22/2016 11:45,2.44,21.47,150
4/22/2016 12:00,2.34,25.78,150
4/22/2016 12:15,3.07,28.44,150
4/22/2016 12:30,3.79,26.53,150
4/22/2016 12:45,3.52,25.59,150
4/22/2016 13:00,3.37,28.94,150
4/22/2016 13:15,4.01,30.95,150
4/22/2016 13:30,2.38,31.92,150
4/22/2016 13:45,2.5,29.82,150
4/22/2016 14:00,2.78,30.1,150
4/22/2016 14:15,2.83,31.77,150
4/22/2016 14:30,2.3,33.83,150
4/22/2016 14:45,2.42,26.43,150
4/22/2016 15:00,2.46,29.87,150
4/22/2016 15:15,1.91,30.59,150
4/22/2016 15:30,1.97,34.27,150
4/22/2016 15:45,3,47.06,150
4/22/2016 16:00,3.24,47.83,150
4/22/2016 16:15,5.28,60.98,150
4/22/2016 16:30,4.95,48.84,150
4/22/2016 16:45,5.17,50.61,150
4/22/2016 17:00,5.07,46.87,150
4/22/2016 17:15,4.82,53.37,150
4/22/2016 17:30,4.35,50.6,150
4/22/2016 17:45,4.46,53.62,150
4/22/2016 18:00,4.16,51.67,150
4/22/2016 18:15,3.99,57.96,150
4/22/2016 18:30,4.16,62.14,150
4/22/2016 18:45,4.06,65.64,150
4/22/2016 19:00,3.82,56.1,150
4/22/2016 19:15,4.96,65.91,150
4/22/2016 19:30,4.71,64.88,150
4/22/2016 19:45,4.96,66.34,150
4/22/2016 20:00,5.53,65.92,150
4/22/2016 20:15,6.06,73.77,150
4/22/2016 20:30,5.35,76.87,150
4/22/2016 20:45,5.53,73.9,150
4/22/2016 21:00,5.71,79.02,150
4/22/2016 21:15,5.82,68.78,150
4/22/2016 21:30,5.06,69.34,150
4/22/2016 21:45,5.03,70.8,150
4/22/2016 22:00,5.64,72.29,150
4/22/2016 22:15,6.45,70.89,150
4/22/2016 22:30,5.5,65.78,150
4/22/2016 22:45,6.94,66.17,150
4/22/2016 23:00,6.74,54.21,150
4/22/2016 23:15,5.58,52.73,150
4/22/2016 23:30,5.54,46.41,150
4/22/2016 23:45,6.16,43.08,150
4/23/2016 0:00,7.01,46.05,150
4/23/2016 0:15,5.88,47.26,150
4/23/2016 0:30,5,51.17,150
4/23/2016 0:45,4.45,46.59,150
4/23/2016 1:00,4.14,44.17,150
4/23/2016 1:15,4.19,40.17,150
4/23/2016 1:30,4.22,41.56,150
4/23/2016 1:45,3.83,38.17,150
4/23/2016 2:00,4.02,32.81,150
4/23/2016 2:15,3.13,25.15,150
4/23/2016 2:30,2.25,21.2,150
4/23/2016 2:45,1.8,16.06,150
4/23/2016 3:00,1.95,17.85,150
4/23/2016 3:15,2.04,11.96,150
4/23/2016 3:30,2.07,9.96,150
4/23/2016 3:45,1.68,8.89,150
4/23/2016 4:00,1.53,9.12,150
4/23/2016 4:15,1.67,10.63,150
4/23/2016 4:30,1.89,12.66,150
4/23/2016 4:45,1.51,11.63,150
4/23/2016 5:00,1.95,11,150
4/23/2016 5:15,1.51,13.96,150
4/23/2016 5:30,0.88,12.74,150
4/23/2016 5:45,1.23,15.51,150
4/23/2016 6:00,2.05,15.32,150
4/23/2016 6:15,1.37,12.32,150
4/23/2016 6:30,1.9,16.08,150
4/23/2016 6:45,2.05,15.72,150
4/23/2016 7:00,2.17,19.37,150
4/23/2016 7:15,2.01,22.56,150
4/23/2016 7:30,2.68,23.77,150
4/23/2016 7:45,2.9,25.67,150
4/23/2016 8:00,2,26.31,150
4/23/2016 8:15,2.36,29.75,150
4/23/2016 8:30,4.46,39.07,150
4/23/2016 8:45,4.33,40.94,150
4/23/2016 9:00,2.97,38.49,150
4/23/2016 9:15,2.47,33.5,150
4/23/2016 9:30,3.22,40.25,150
4/23/2016 9:45,3.19,52.58,150
4/23/2016 10:00,3.3,40.27,150
4/23/2016 10:15,3.13,44.39,150
4/23/2016 10:30,3.62,47.08,150
4/23/2016 10:45,3.77,55.94,150
4/23/2016 11:00,3.63,51.74,150
4/23/2016 11:15,3.35,50.53,150
4/23/2016 11:30,3.81,51.04,150
4/23/2016 11:45,3.1,49.81,150
4/23/2016 12:00,4.05,50.38,150
4/23/2016 12:15,4.07,48.73,150
4/23/2016 12:30,3.31,49.11,150
4/23/2016 12:45,4.74,53.27,150
4/23/2016 13:00,4.61,50.77,150
4/23/2016 13:15,4.63,48.42,150
4/23/2016 13:30,4.51,47.77,150
4/23/2016 13:45,4.13,47.72,150
4/23/2016 14:00,4.22,41.14,150
4/23/2016 14:15,4.14,42.21,150
4/23/2016 14:30,4.42,47.01,150
4/23/2016 14:45,3.96,48.62,150
4/23/2016 15:00,4.67,47,150
4/23/2016 15:15,4.86,44.08,150
4/23/2016 15:30,4.6,46.52,150
4/23/2016 15:45,3.91,55.49,150
4/23/2016 16:00,3.83,54.47,150
4/23/2016 16:15,4.32,48.26,150
4/23/2016 16:30,4.44,47.79,150
4/23/2016 16:45,3.95,52.48,150
4/23/2016 17:00,4.09,53.72,150
4/23/2016 17:15,3.68,55.16,150
4/23/2016 17:30,3.06,53.26,150
4/23/2016 17:45,3.67,52.7,150
4/23/2016 18:00,3.37,55.08,150
4/23/2016 18:15,3.45,55.36,150
4/23/2016 18:30,3.72,53.41,150
4/23/2016 18:45,3.9,58.63,150
4/23/2016 19:00,4.32,55.53,150
4/23/2016 19:15,4.43,56.51,150
4/23/2016 19:30,3.64,49.5,150
4/23/2016 19:45,3.58,48.33,150
4/23/2016 20:00,4.44,48.53,150
4/23/2016 20:15,4.38,52.49,150
4/23/2016 20:30,4.35,47.55,150
4/23/2016 20:45,5.08,48.1,150
4/23/2016 21:00,4.4,48.47,150
4/23/2016 21:15,4.89,52.12,150
4/23/2016 21:30,4.98,62.64,150
4/23/2016 21:45,4.28,64,150
4/23/2016 22:00,4.38,59.28,150
4/23/2016 22:15,4.34,55.51,150
4/23/2016 22:30,4.53,48.89,150
4/23/2016 22:45,4.21,44.35,150
4/23/2016 23:00,4.35,55.65,150
4/23/2016 23:15,5.27,49.84,150
4/23/2016 23:30,5.31,46.38,150
4/23/2016 23:45,4.88,40.67,150
4/24/2016 0:00,3.99,34.03,150
4/24/2016 0:15,3.78,37.3,150
4/24/2016 0:30,3.5,29.51,150
4/24/2016 0:45,3.8,29.87,150
4/24/2016 1:00,3.83,30.91,150
4/24/2016 1:15,3.66,32.46,150
4/24/2016 1:30,2.73,31.97,150
4/24/2016 1:45,1.9,29.16,150
4/24/2016 2:00,1.83,28.61,150
4/24/2016 2:15,1.67,26.86,150
4/24/2016 2:30,1.8,25.92,150
4/24/2016 2:45,1.94,26.07,150
4/24/2016 3:00,2.08,24.87,150
4/24/2016 3:15,1.73,18.71,150
4/24/2016 3:30,1.56,18.78,150
4/24/2016 3:45,1.73,16.61,150
4/24/2016 4:00,2.12,10.73,150
4/24/2016 4:15,1.96,11.33,150
4/24/2016 4:30,1.02,12,150
4/24/2016 4:45,0.99,11.33,150
4/24/2016 5:00,1.26,9.62,150
4/24/2016 5:15,1.49,10.98,150
4/24/2016 5:30,1.06,11.38,150
4/24/2016 5:45,0.88,11.87,150
4/24/2016 6:00,0.96,13.42,150
4/24/2016 6:15,0.95,12.49,150
4/24/2016 6:30,1.06,13.65,150
4/24/2016 6:45,1.3,15.03,150
4/24/2016 7:00,1.37,14.03,150
4/24/2016 7:15,1.28,14.66,150
4/24/2016 7:30,1.59,18.99,150
4/24/2016 7:45,2.04,21.52,150
4/24/2016 8:00,2.11,26.77,150
4/24/2016 8:15,1.99,28.46,150
4/24/2016 8:30,2.2,28.46,150
4/24/2016 8:45,2.27,33.05,150
4/24/2016 9:00,2.28,38.06,150
4/24/2016 9:15,2.98,36.15,150
4/24/2016 9:30,3.66,39.69,150
4/24/2016 9:45,3.26,38.87,150
4/24/2016 10:00,3.15,41.91,150
4/24/2016 10:15,2.89,41.64,150
4/24/2016 10:30,3.23,41.7,150
4/24/2016 10:45,4.34,44.41,150
4/24/2016 11:00,4.2,43.53,150
4/24/2016 11:15,4.4,53.91,150
4/24/2016 11:30,4.28,58.66,150
4/24/2016 11:45,3.56,59.42,150
4/24/2016 12:00,4.19,54.47,150
4/24/2016 12:15,4.34,50.05,150
4/24/2016 12:30,4.74,48.94,150
4/24/2016 12:45,5.4,54.96,150
4/24/2016 13:00,5.04,53.22,150
4/24/2016 13:15,4.04,50.25,150
4/24/2016 13:30,3.7,45.89,150
4/24/2016 13:45,3.7,44.36,150
4/24/2016 14:00,3.71,47.5,150
4/24/2016 14:15,3.55,48.53,150
4/24/2016 14:30,3.13,42.66,150
4/24/2016 14:45,3.35,45.98,150
4/24/2016 15:00,3.41,41.82,150
4/24/2016 15:15,3.35,40.79,150
4/24/2016 15:30,3.52,41.35,150
4/24/2016 15:45,3.06,39.67,150
4/24/2016 16:00,3.51,42.22,150
4/24/2016 16:15,3.64,46.55,150
4/24/2016 16:30,3.61,47.35,150
4/24/2016 16:45,3.82,48.38,150
4/24/2016 17:00,4.2,58.02,150
4/24/2016 17:15,4.62,57.55,150
4/24/2016 17:30,4.88,55.64,150
4/24/2016 17:45,4.97,57.35,150
4/24/2016 18:00,4.85,57.99,150
4/24/2016 18:15,4.65,55.38,150
4/24/2016 18:30,5,57.87,150
4/24/2016 18:45,4.96,49.12,150
4/24/2016 19:00,5.09,58.34,150
4/24/2016 19:15,4.44,49.95,150
4/24/2016 19:30,4.6,56.8,150
4/24/2016 19:45,4.55,55.67,150
4/24/2016 20:00,5.03,50.79,150
4/24/2016 20:15,6.63,61.99,150
4/24/2016 20:30,6.57,68.94,150
4/24/2016 20:45,6.16,70.2,150
4/24/2016 21:00,6.86,71.91,150
4/24/2016 21:15,6.09,70.91,150
4/24/2016 21:30,6.43,71.92,150
4/24/2016 21:45,6.18,68.05,150
4/24/2016 22:00,6.52,65.62,150
4/24/2016 22:15,5.94,71.05,150
4/24/2016 22:30,6.7,63.29,150
4/24/2016 22:45,4.71,54.43,150
4/24/2016 23:00,4.68,53.17,150
4/24/2016 23:15,4.31,52.2,150
4/24/2016 23:30,3.87,41.99,150
4/24/2016 23:45,3.25,37.03,150
4/25/2016 0:00,3.19,36.25,150
4/25/2016 0:15,3.22,27.8,150
4/25/2016 0:30,3.87,30.71,150
4/25/2016 0:45,3.2,28.36,150
4/25/2016 1:00,2.84,24.02,150
4/25/2016 1:15,2.79,22.86,150
4/25/2016 1:30,2.41,23.62,150
4/25/2016 1:45,1.87,23.36,150
4/25/2016 2:00,1.67,24.26,150
4/25/2016 2:15,1.58,22.22,150
4/25/2016 2:30,1.9,18.69,150
4/25/2016 2:45,2.11,18.2,150
4/25/2016 3:00,2.22,20.73,150
4/25/2016 3:15,2.49,18.61,150
4/25/2016 3:30,2.36,15.19,150
4/25/2016 3:45,1.63,16.17,150
4/25/2016 4:00,1.49,16.44,150
4/25/2016 4:15,2.18,16.91,150
4/25/2016 4:30,1.87,15.95,150
4/25/2016 4:45,1.74,17.82,150
4/25/2016 5:00,1.34,18.81,150
4/25/2016 5:15,1.58,17.39,150
4/25/2016 5:30,1.31,13.75,150
4/25/2016 5:45,1.36,12.9,150
4/25/2016 6:00,2.14,16.99,150
4/25/2016 6:15,2.6,15.48,150
4/25/2016 6:30,1.89,16.46,150
4/25/2016 6:45,1.46,17.53,150
4/25/2016 7:00,2.24,21.14,150
4/25/2016 7:15,2.17,18.68,150
4/25/2016 7:30,2.21,20,150
4/25/2016 7:45,1.81,15.79,150
4/25/2016 8:00,2.38,17.12,150
4/25/2016 8:15,2.39,18.75,150
4/25/2016 8:30,1.92,16.77,150
4/25/2016 8:45,1.64,19.11,150
4/25/2016 9:00,1.23,16.21,150
4/25/2016 9:15,1.1,13.89,150
4/25/2016 9:30,1.22,13.95,150
4/25/2016 9:45,1.88,23.67,150
4/25/2016 10:00,1.92,20.49,150
4/25/2016 10:15,2.21,22.54,150
4/25/2016 10:30,2.07,24.1,150
4/25/2016 10:45,2.57,25.99,150
4/25/2016 11:00,2.67,26.18,150
4/25/2016 11:15,2.23,24.89,150
4/25/2016 11:30,2.32,26.48,150
4/25/2016 11:45,2.17,25.6,150
4/25/2016 12:00,2.28,31.21,150
4/25/2016 12:15,2.66,38.02,150
4/25/2016 12:30,2.79,35.82,150
4/25/2016 12:45,2.68,35.04,150
4/25/2016 13:00,2.33,35.84,150
4/25/2016 13:15,2.1,33.82,150
4/25/2016 13:30,2.52,29.84,150
4/25/2016 13:45,2.67,31,150
4/25/2016 14:00,2.47,29.37,150
4/25/2016 14:15,2.33,28.69,150
4/25/2016 14:30,2.83,28.09,150
4/25/2016 14:45,2.36,23.4,150
4/25/2016 15:00,2.21,21.02,150
4/25/2016 15:15,2.18,24.79,150
4/25/2016 15:30,2.43,26.17,150
4/25/2016 15:45,3.21,38.2,150
4/25/2016 16:00,4.26,52.42,150
4/25/2016 16:15,4.87,57.29,150
4/25/2016 16:30,4.08,55.46,150
4/25/2016 16:45,3.83,46.03,150
4/25/2016 17:00,4.42,36.42,150
4/25/2016 17:15,4.37,43.68,150
4/25/2016 17:30,4.39,47.52,150
4/25/2016 17:45,4.31,55.4,150
4/25/2016 18:00,3.57,46.7,150
4/25/2016 18:15,4.09,53.95,150
4/25/2016 18:30,3.35,40.74,150
4/25/2016 18:45,3.56,48.65,150
4/25/2016 19:00,4.46,52.24,150
4/25/2016 19:15,4.17,48.17,150
4/25/2016 19:30,4.82,47.67,150
4/25/2016 19:45,4.89,57.11,150
4/25/2016 20:00,4.83,59.4,150
4/25/2016 20:15,4.7,56.02,150
4/25/2016 20:30,6.14,56.54,150
4/25/2016 20:45,6.77,61.23,150
4/25/2016 21:00,5.86,55.5,150
4/25/2016 21:15,5.17,57.63,150
4/25/2016 21:30,7.03,61.76,150
4/25/2016 21:45,6.53,51.19,150
4/25/2016 22:00,6.19,52.45,150
4/25/2016 22:15,3.68,29.57,150
4/25/2016 22:30,4.5,32.09,150
4/25/2016 22:45,4.29,33.41,150
4/25/2016 23:00,3.87,32.35,150
4/25/2016 23:15,3.88,34.2,150
4/25/2016 23:30,3.88,36.53,150
4/25/2016 23:45,4.04,32.45,150
4/26/2016 0:00,3.81,33.96,150
4/26/2016 0:15,3.78,32.13,150
4/26/2016 0:30,3.43,29.22,150
4/26/2016 0:45,3.78,21.29,150
4/26/2016 1:00,3.52,20.13,150
4/26/2016 1:15,3.45,16.55,150
4/26/2016 1:30,2.8,14.13,150
4/26/2016 1:45,2.47,15.32,150
4/26/2016 2:00,1.68,16.16,150
4/26/2016 2:15,1.15,14.4,150
4/26/2016 2:30,1.85,11.04,150
4/26/2016 2:45,1.53,9.21,150
4/26/2016 3:00,1.83,10.73,150
4/26/2016 3:15,1.25,9.59,150
4/26/2016 3:30,1.11,11.28,150
4/26/2016 3:45,1,8.5,150
4/26/2016 4:00,0.51,7.19,150
4/26/2016 4:15,0.95,7.15,150
4/26/2016 4:30,0.45,5.81,150
4/26/2016 4:45,0.54,4.74,150
4/26/2016 5:00,1,4.73,150
4/26/2016 5:15,0.64,5.75,150
4/26/2016 5:30,0.55,5.46,150
4/26/2016 5:45,0.89,10.06,150
4/26/2016 6:00,0.85,6.97,150
4/26/2016 6:15,0.56,6.45,150
4/26/2016 6:30,0.96,8.65,150
4/26/2016 6:45,1.21,9.88,150
4/26/2016 7:00,1.32,14.02,150
4/26/2016 7:15,1.56,16.87,150
4/26/2016 7:30,1.26,13.91,150
4/26/2016 7:45,1.38,15.27,150
4/26/2016 8:00,1.51,14.1,150
4/26/2016 8:15,1.31,16.55,150
4/26/2016 8:30,1.55,18.16,150
4/26/2016 8:45,1.74,24.38,150
4/26/2016 9:00,1.77,22.96,150
4/26/2016 9:15,1.64,18.03,150
4/26/2016 9:30,1.62,16.61,150
4/26/2016 9:45,1.54,19.63,150
4/26/2016 10:00,1.23,19.35,150
4/26/2016 10:15,1.38,22.38,150
4/26/2016 10:30,1.48,24.86,150
4/26/2016 10:45,1.56,22.99,150
4/26/2016 11:00,3.1,29.84,150
4/26/2016 11:15,2.05,25.45,150
4/26/2016 11:30,2.12,26.99,150
4/26/2016 11:45,2.04,25.37,150
4/26/2016 12:00,1.9,30.81,150
4/26/2016 12:15,2.08,35.18,150
4/26/2016 12:30,2.59,37.27,150
4/26/2016 12:45,2.54,33.52,150
4/26/2016 13:00,1.94,34.12,150
4/26/2016 13:15,2.1,32.25,150
4/26/2016 13:30,2.69,34.48,150
4/26/2016 13:45,3.55,39.72,150
4/26/2016 14:00,3.06,36.27,150
4/26/2016 14:15,3.07,34.85,150
4/26/2016 14:30,3.19,35.1,150
4/26/2016 14:45,3.5,40.78,150
4/26/2016 15:00,3.79,38.44,150
4/26/2016 15:15,3.35,34.47,150
4/26/2016 15:30,2.27,35.24,150
4/26/2016 15:45,2.99,36.6,150
4/26/2016 16:00,3.22,36.8,150
4/26/2016 16:15,3.86,43.26,150
4/26/2016 16:30,3.26,40.55,150
4/26/2016 16:45,3.32,40.99,150
4/26/2016 17:00,3.37,39.32,150
4/26/2016 17:15,3.69,46.31,150
4/26/2016 17:30,3.59,51.47,150
4/26/2016 17:45,4.35,54.53,150
4/26/2016 18:00,4.79,51.81,150
4/26/2016 18:15,4.89,57.51,150
4/26/2016 18:30,4.71,59.46,150
4/26/2016 18:45,5.91,71.51,150
4/26/2016 19:00,5.77,71.43,150
4/26/2016 19:15,5.44,68.57,150
4/26/2016 19:30,5.63,64.39,150
4/26/2016 19:45,6.34,66.06,150
4/26/2016 20:00,6.43,66,150
4/26/2016 20:15,6.4,69.77,150
4/26/2016 20:30,6.67,65.96,150
4/26/2016 20:45,6.26,72.48,150
4/26/2016 21:00,6.6,79.36,150
4/26/2016 21:15,5.71,76.53,150
4/26/2016 21:30,5.97,77.7,150
4/26/2016 21:45,5.15,75.45,150
4/26/2016 22:00,5.69,73.62,150
4/26/2016 22:15,5.85,67.44,150
4/26/2016 22:30,5.6,58.87,150
4/26/2016 22:45,6.31,52.09,150
4/26/2016 23:00,5.77,53.12,150
4/26/2016 23:15,5.7,47.09,150
4/26/2016 23:30,5.23,43.11,150
4/26/2016 23:45,5.1,36.29,150
4/27/2016 0:00,6.02,32.71,150
4/27/2016 0:15,5.38,30.65,150
4/27/2016 0:30,4.97,31.39,150
4/27/2016 0:45,4.65,32.19,150
4/27/2016 1:00,5.08,28.21,150
4/27/2016 1:15,4.75,24.67,150
4/27/2016 1:30,3.99,25.8,150
4/27/2016 1:45,4.36,22.46,150
4/27/2016 2:00,3.75,19.79,150
4/27/2016 2:15,2.66,18.65,150
4/27/2016 2:30,2.56,15.97,150
4/27/2016 2:45,2.2,17.8,150
4/27/2016 3:00,2.09,17.26,150
4/27/2016 3:15,2.33,17.09,150
4/27/2016 3:30,1.97,14.24,150
4/27/2016 3:45,2.35,14.12,150
4/27/2016 4:00,2.38,14.03,150
4/27/2016 4:15,2.14,15.64,150
4/27/2016 4:30,1.89,13.35,150
4/27/2016 4:45,1.9,12.21,150
4/27/2016 5:00,1.76,11.2,150
4/27/2016 5:15,1.71,13.09,150
4/27/2016 5:30,1.6,12.73,150
4/27/2016 5:45,1.24,10.85,150
4/27/2016 6:00,2.01,13.8,150
4/27/2016 6:15,2.21,10.18,150
4/27/2016 6:30,1.73,9.84,150
4/27/2016 6:45,1.73,14.67,150
4/27/2016 7:00,2.49,18.3,150
4/27/2016 7:15,2.48,18.49,150
4/27/2016 7:30,1.45,18.38,150
4/27/2016 7:45,1.49,21.71,150
4/27/2016 8:00,1.63,26.27,150
4/27/2016 8:15,1.84,29.22,150
4/27/2016 8:30,1.97,31.43,150
4/27/2016 8:45,2.35,35.23,150
4/27/2016 9:00,2.03,32.95,150
4/27/2016 9:15,2.19,34.29,150
4/27/2016 9:30,2.57,35.88,150
4/27/2016 9:45,1.97,30.81,150
4/27/2016 10:00,2.14,32.26,150
4/27/2016 10:15,1.9,30.49,150
4/27/2016 10:30,1.77,25.36,150
4/27/2016 10:45,1.75,23.19,150
4/27/2016 11:00,2.06,26.6,150
4/27/2016 11:15,2.39,28.81,150
4/27/2016 11:30,2.39,32.12,150
4/27/2016 11:45,3.34,28.54,150
4/27/2016 12:00,2.98,33.73,150
4/27/2016 12:15,2.74,35.45,150
4/27/2016 12:30,2.65,38.68,150
4/27/2016 12:45,2.38,37.89,150
4/27/2016 13:00,2.73,37.23,150
4/27/2016 13:15,2.62,40.08,150
4/27/2016 13:30,2.47,37.52,150
4/27/2016 13:45,2.57,36.57,150
4/27/2016 14:00,2.73,37.47,150
4/27/2016 14:15,2.54,34.25,150
4/27/2016 14:30,2.49,34.94,150
4/27/2016 14:45,2.85,39.48,150
4/27/2016 15:00,3.29,39.17,150
4/27/2016 15:15,3.17,33.6,150
4/27/2016 15:30,3.24,36.09,150
4/27/2016 15:45,3.21,31.98,150
4/27/2016 16:00,4.03,47.89,150
4/27/2016 16:15,4.53,53.9,150
4/27/2016 16:30,3.88,56.93,150
4/27/2016 16:45,4.28,55.35,150
4/27/2016 17:00,3.44,50.15,150
4/27/2016 17:15,4.09,54.17,150
4/27/2016 17:30,3.67,44.28,150
4/27/2016 17:45,3.79,38.13,150
4/27/2016 18:00,3.73,40.99,150
4/27/2016 18:15,3.52,45.46,150
4/27/2016 18:30,3.93,45.04,150
4/27/2016 18:45,4.63,49.03,150
4/27/2016 19:00,3.46,50.53,150
4/27/2016 19:15,3.74,56.52,150
4/27/2016 19:30,4.19,62.2,150
4/27/2016 19:45,4.5,60.56,150
4/27/2016 20:00,4.61,61.64,150
4/27/2016 20:15,5.56,67.42,150
4/27/2016 20:30,5.32,66.76,150
4/27/2016 20:45,4.8,64.72,150
4/27/2016 21:00,5.02,65.35,150
4/27/2016 21:15,6.16,66.28,150
4/27/2016 21:30,5.32,60.56,150
4/27/2016 21:45,5.11,62.1,150
4/27/2016 22:00,5.42,72.77,150
4/27/2016 22:15,6.19,71.91,150
4/27/2016 22:30,5.66,62.68,150
4/27/2016 22:45,5.45,49.68,150
4/27/2016 23:00,5.2,49.16,150
4/27/2016 23:15,4.3,42.05,150
4/27/2016 23:30,4.44,40.96,150
4/27/2016 23:45,4.13,37.14,150
4/28/2016 0:00,4.39,38.42,150
4/28/2016 0:15,4.63,32.44,150
4/28/2016 0:30,4.81,34.14,150
4/28/2016 0:45,4.37,32.81,150
4/28/2016 1:00,3.49,29.61,150
4/28/2016 1:15,3.27,28.76,150
4/28/2016 1:30,2.69,28.92,150
4/28/2016 1:45,2.77,30.24,150
4/28/2016 2:00,2.55,28.16,150
4/28/2016 2:15,2.47,22.22,150
4/28/2016 2:30,2.45,17.45,150
4/28/2016 2:45,2.26,15.78,150
4/28/2016 3:00,2.46,17.89,150
4/28/2016 3:15,2.39,19.26,150
4/28/2016 3:30,2.94,17.89,150
4/28/2016 3:45,2.37,16.63,150
4/28/2016 4:00,2.04,17.03,150
4/28/2016 4:15,2.08,19.27,150
4/28/2016 4:30,1.83,18.6,150
4/28/2016 4:45,2.07,17.44,150
4/28/2016 5:00,1.66,17.15,150
4/28/2016 5:15,1.61,18.71,150
4/28/2016 5:30,1.78,21.21,150
4/28/2016 5:45,1.53,17.88,150
4/28/2016 6:00,1.74,22.85,150
4/28/2016 6:15,1.74,23.3,150
4/28/2016 6:30,1.52,18.56,150
4/28/2016 6:45,1.81,20.61,150
4/28/2016 7:00,1.83,19.73,150
4/28/2016 7:15,2.99,26.53,150
4/28/2016 7:30,1.97,21.63,150
4/28/2016 7:45,1.85,27.43,150
4/28/2016 8:00,1.75,27.63,150
4/28/2016 8:15,1.83,30.57,150
4/28/2016 8:30,1.84,30.35,150
4/28/2016 8:45,1.84,26.42,150
4/28/2016 9:00,1.78,24.86,150
4/28/2016 9:15,1.73,22.99,150
4/28/2016 9:30,1.72,24.62,150
4/28/2016 9:45,1.71,22.77,150
4/28/2016 10:00,1.66,20.95,150
4/28/2016 10:15,1.76,21.05,150
4/28/2016 10:30,1.68,22.28,150
4/28/2016 10:45,2.05,26.06,150
4/28/2016 11:00,2.35,35.24,150
4/28/2016 11:15,2.07,30.06,150
4/28/2016 11:30,2,29.08,150
4/28/2016 11:45,2.22,32.26,150
4/28/2016 12:00,2.71,37.97,150
4/28/2016 12:15,2.97,36.34,150
4/28/2016 12:30,3.29,38.58,150
4/28/2016 12:45,3.28,34.3,150
4/28/2016 13:00,3.37,43.71,150
4/28/2016 13:15,4.15,45.77,150
4/28/2016 13:30,4.56,51.22,150
4/28/2016 13:45,3.84,44.82,150
4/28/2016 14:00,3.43,43.64,150
4/28/2016 14:15,2.84,37.68,150
4/28/2016 14:30,3.85,39.77,150
4/28/2016 14:45,3.29,35.6,150
4/28/2016 15:00,3.55,37.16,150
4/28/2016 15:15,3.21,32.63,150
4/28/2016 15:30,4.01,38.8,150
4/28/2016 15:45,4.96,56.28,150
4/28/2016 16:00,5.03,59.96,150
4/28/2016 16:15,4.94,60.61,150
4/28/2016 16:30,5.6,64.35,150
4/28/2016 16:45,5.62,70.15,150
4/28/2016 17:00,5.89,69.48,150
4/28/2016 17:15,5.68,66.25,150
4/28/2016 17:30,5.64,66.96,150
4/28/2016 17:45,6.01,64.02,150
4/28/2016 18:00,6.27,66.96,150
4/28/2016 18:15,5.84,64.06,150
4/28/2016 18:30,5.73,61.77,150
4/28/2016 18:45,5,55.05,150
4/28/2016 19:00,5.01,59.58,150
4/28/2016 19:15,6.17,63.74,150
4/28/2016 19:30,6.58,76.07,150
4/28/2016 19:45,6.89,78.25,150
4/28/2016 20:00,6.92,73,150
4/28/2016 20:15,7.88,88.67,150
4/28/2016 20:30,7.92,84.76,150
4/28/2016 20:45,8.06,81.65,150
4/28/2016 21:00,7.36,76.14,150
4/28/2016 21:15,7.43,82.85,150
4/28/2016 21:30,7.98,80.62,150
4/28/2016 21:45,7.82,74.98,150
4/28/2016 22:00,6.01,66.44,150
4/28/2016 22:15,6.09,61.1,150
4/28/2016 22:30,6.78,60.76,150
4/28/2016 22:45,6.86,52.9,150
4/28/2016 23:00,6.37,48.67,150
4/28/2016 23:15,6.05,48.03,150
4/28/2016 23:30,6.93,51.39,150
4/28/2016 23:45,6.63,43.3,150
4/29/2016 0:00,5.3,40.27,150
4/29/2016 0:15,5.04,38.54,150
4/29/2016 0:30,4.9,38.74,150
4/29/2016 0:45,4.42,33.9,150
4/29/2016 1:00,4.79,36.78,150
4/29/2016 1:15,4.49,34.38,150
4/29/2016 1:30,3.89,26.94,150
4/29/2016 1:45,3.02,27.59,150
4/29/2016 2:00,2.52,29.28,150
4/29/2016 2:15,2.84,26.55,150
4/29/2016 2:30,3.38,23.56,150
4/29/2016 2:45,3.6,25.55,150
4/29/2016 3:00,3.34,23.05,150
4/29/2016 3:15,3.3,20.9,150
4/29/2016 3:30,3.29,23.39,150
4/29/2016 3:45,4.1,17.85,150
4/29/2016 4:00,4.29,14.93,150
4/29/2016 4:15,1.99,15.09,150
4/29/2016 4:30,2.09,14.65,150
4/29/2016 4:45,2.26,16.53,150
4/29/2016 5:00,2.2,19.1,150
4/29/2016 5:15,2.36,17.33,150
4/29/2016 5:30,2.44,22.5,150
4/29/2016 5:45,2.01,16.02,150
4/29/2016 6:00,2.38,20.09,150
4/29/2016 6:15,2.93,23.33,150
4/29/2016 6:30,3.13,24,150
4/29/2016 6:45,2.78,22.39,150
4/29/2016 7:00,2.37,26.38,150
4/29/2016 7:15,2.22,27.94,150
4/29/2016 7:30,1.64,26.41,150
4/29/2016 7:45,1.93,26.8,150
4/29/2016 8:00,1.79,27.14,150
4/29/2016 8:15,1.59,22.32,150
4/29/2016 8:30,1.77,23.04,150
4/29/2016 8:45,2.02,23.68,150
4/29/2016 9:00,1.73,24.97,150
4/29/2016 9:15,1.73,25.24,150
4/29/2016 9:30,2.33,26.79,150
4/29/2016 9:45,2.57,31,150
4/29/2016 10:00,2.48,29.95,150
4/29/2016 10:15,2.56,36.28,150
4/29/2016 10:30,2.68,35.55,150
4/29/2016 10:45,2.4,28.8,150
4/29/2016 11:00,2.07,29.79,150
4/29/2016 11:15,2.13,33.95,150
4/29/2016 11:30,2.09,34.51,150
4/29/2016 11:45,2.19,36.93,150
4/29/2016 12:00,2.19,30.59,150
4/29/2016 12:15,2.59,28.46,150
4/29/2016 12:30,2.31,27.1,150
4/29/2016 12:45,2.85,31.93,150
4/29/2016 13:00,3.27,39.09,150
4/29/2016 13:15,2.55,37.55,150
4/29/2016 13:30,2.08,37.02,150
4/29/2016 13:45,1.81,29.34,150
4/29/2016 14:00,2.32,31.02,150
4/29/2016 14:15,2.79,40.14,150
4/29/2016 14:30,2.52,43.03,150
4/29/2016 14:45,2.17,40.7,150
4/29/2016 15:00,2.22,40.31,150
4/29/2016 15:15,2.62,42.55,150
4/29/2016 15:30,2.68,40.77,150
4/29/2016 15:45,3.7,52.1,150
4/29/2016 16:00,4.23,60.53,150
4/29/2016 16:15,4.45,67.18,150
4/29/2016 16:30,4.63,69.54,150
4/29/2016 16:45,4.65,68.98,150
4/29/2016 17:00,4.64,72.17,150
4/29/2016 17:15,4.03,64.91,150
4/29/2016 17:30,4.5,66.14,150
4/29/2016 17:45,3.87,60.57,150
4/29/2016 18:00,3.64,56.2,150
4/29/2016 18:15,3.06,48.89,150
4/29/2016 18:30,2.87,44.78,150
4/29/2016 18:45,2.72,39.31,150
4/29/2016 19:00,3.44,47.41,150
4/29/2016 19:15,4.22,53.28,150
4/29/2016 19:30,4.39,57.01,150
4/29/2016 19:45,4.47,53.71,150
4/29/2016 20:00,3.9,59.13,150
4/29/2016 20:15,4.24,59.38,150
4/29/2016 20:30,4.68,67.54,150
4/29/2016 20:45,4.37,57.62,150
4/29/2016 21:00,5.22,62.9,150
4/29/2016 21:15,4.8,72.97,150
4/29/2016 21:30,5.32,79.87,150
4/29/2016 21:45,5.89,75.27,150
4/29/2016 22:00,5.53,73.8,150
4/29/2016 22:15,6.39,68.64,150
4/29/2016 22:30,6.16,66.09,150
4/29/2016 22:45,5.1,61.75,150
4/29/2016 23:00,4.77,65.61,150
4/29/2016 23:15,4.58,60.43,150
4/29/2016 23:30,4.29,55.38,150
4/29/2016 23:45,4.39,51.27,150
4/30/2016 0:00,4.15,50.03,150
4/30/2016 0:15,3.57,46.39,150
4/30/2016 0:30,4.31,50.66,150
4/30/2016 0:45,3.88,47.2,150
4/30/2016 1:00,3.36,43.04,150
4/30/2016 1:15,3.39,36.13,150
4/30/2016 1:30,3.5,30.63,150
4/30/2016 1:45,2.69,27.27,150
4/30/2016 2:00,2.27,24.87,150
4/30/2016 2:15,1.54,22.16,150
4/30/2016 2:30,1.83,15.82,150
4/30/2016 2:45,2.22,18.66,150
4/30/2016 3:00,2.21,18.2,150
4/30/2016 3:15,2.28,16.14,150
4/30/2016 3:30,2.21,18.76,150
4/30/2016 3:45,2.05,18.62,150
4/30/2016 4:00,2.22,21.78,150
4/30/2016 4:15,2.42,17.66,150
4/30/2016 4:30,2.48,15.59,150
4/30/2016 4:45,1.86,10.66,150
4/30/2016 5:00,1.78,5.76,150
4/30/2016 5:15,2.28,8.27,150
4/30/2016 5:30,2.52,7.81,150
4/30/2016 5:45,2.05,6.35,150
4/30/2016 6:00,2.27,8.67,150
4/30/2016 6:15,2.54,9.93,150
4/30/2016 6:30,2.37,10.66,150
4/30/2016 6:45,2.96,10.4,150
4/30/2016 7:00,2.58,17.69,150
4/30/2016 7:15,2.9,26.36,150
4/30/2016 7:30,3.23,26.06,150
4/30/2016 7:45,3.88,30.96,150
4/30/2016 8:00,4.32,40.58,150
4/30/2016 8:15,3.91,41.42,150
4/30/2016 8:30,4.06,52.16,150
4/30/2016 8:45,3.64,49.21,150
4/30/2016 9:00,3.85,52.89,150
4/30/2016 9:15,3.76,51.99,150
4/30/2016 9:30,3.74,53.3,150
4/30/2016 9:45,4.98,58.06,150
4/30/2016 10:00,4.11,55.01,150
4/30/2016 10:15,3.74,53.14,150
4/30/2016 10:30,2.87,46.58,150
4/30/2016 10:45,3.59,46.28,150
4/30/2016 11:00,4.66,54.23,150
4/30/2016 11:15,4.68,64.88,150
4/30/2016 11:30,4.46,58.67,150
4/30/2016 11:45,4.37,51.07,150
4/30/2016 12:00,4.44,50.56,150
4/30/2016 12:15,3.8,52.19,150
4/30/2016 12:30,4.06,55.72,150
4/30/2016 12:45,3.5,44.36,150
4/30/2016 13:00,4.06,49.97,150
4/30/2016 13:15,4.74,55.98,150
4/30/2016 13:30,5.01,56.76,150
4/30/2016 13:45,4.47,49.54,150
4/30/2016 14:00,4.41,47.35,150
4/30/2016 14:15,3.56,50.25,150
4/30/2016 14:30,3.84,54.76,150
4/30/2016 14:45,4.09,55.91,150
4/30/2016 15:00,3.9,52.17,150
4/30/2016 15:15,4.06,60.36,150
4/30/2016 15:30,3.85,62.03,150
4/30/2016 15:45,4.12,59.91,150
4/30/2016 16:00,4.77,60.45,150
4/30/2016 16:15,6.03,59.9,150
4/30/2016 16:30,4.75,56.24,150
4/30/2016 16:45,5.12,62.23,150
4/30/2016 17:00,5.36,69.46,150
4/30/2016 17:15,5.84,70.34,150
4/30/2016 17:30,5.44,73.23,150
4/30/2016 17:45,5.09,68.69,150
4/30/2016 18:00,5.48,64.84,150
4/30/2016 18:15,4.94,63.07,150
4/30/2016 18:30,4.27,49.85,150
4/30/2016 18:45,4.07,53.02,150
4/30/2016 19:00,4.13,59.54,150
4/30/2016 19:15,4.51,63.22,150
4/30/2016 19:30,5.1,66.22,150
4/30/2016 19:45,4.7,66.39,150
4/30/2016 20:00,5.02,68.63,150
4/30/2016 20:15,5.17,66.15,150
4/30/2016 20:30,5.28,57.98,150
4/30/2016 20:45,4.92,58.65,150
4/30/2016 21:00,4.36,60.49,150
4/30/2016 21:15,4.48,62.2,150
4/30/2016 21:30,5.3,64.87,150
4/30/2016 21:45,5.48,64.68,150
4/30/2016 22:00,5.57,75.22,150
4/30/2016 22:15,5.32,73.5,150
4/30/2016 22:30,5.06,81.37,150
4/30/2016 22:45,4.88,67.85,150
4/30/2016 23:00,4.39,63.36,150
4/30/2016 23:15,4.23,62.73,150
4/30/2016 23:30,3.99,59.59,150
4/30/2016 23:45,4.01,50.08,150
5/1/2016 0:00,4.8,51.71,150
5/1/2016 0:15,4.26,41.98,150
5/1/2016 0:30,4.93,41.84,150
5/1/2016 0:45,4.45,43,150
5/1/2016 1:00,3.69,43.31,150
5/1/2016 1:15,3.25,38.4,150
5/1/2016 1:30,3.37,41.62,150
5/1/2016 1:45,2.85,37.64,150
5/1/2016 2:00,2.86,38.21,150
5/1/2016 2:15,2.2,32.67,150
5/1/2016 2:30,2.13,28.02,150
5/1/2016 2:45,2.05,26.97,150
5/1/2016 3:00,1.37,24.38,150
5/1/2016 3:15,1.01,19.64,150
5/1/2016 3:30,1.24,22.38,150
5/1/2016 3:45,1.74,22.59,150
5/1/2016 4:00,1.95,24.2,150
5/1/2016 4:15,1.26,20.73,150
5/1/2016 4:30,0.96,17.31,150
5/1/2016 4:45,0.99,15.12,150
5/1/2016 5:00,1.04,14.99,150
5/1/2016 5:15,1.08,14.2,150
5/1/2016 5:30,1.32,10.69,150
5/1/2016 5:45,1.13,11.48,150
5/1/2016 6:00,0.72,11.7,150
5/1/2016 6:15,0.86,10.32,150
5/1/2016 6:30,1.06,11.15,150
5/1/2016 6:45,1.17,14.64,150
5/1/2016 7:00,1.48,15,150
5/1/2016 7:15,1.93,15.35,150
5/1/2016 7:30,2.37,22.38,150
5/1/2016 7:45,2.12,21.25,150
5/1/2016 8:00,2.4,28.42,150
5/1/2016 8:15,2.74,28.77,150
5/1/2016 8:30,2.32,27.36,150
5/1/2016 8:45,2.72,32.83,150
5/1/2016 9:00,2.92,36.16,150
5/1/2016 9:15,2.31,35.9,150
5/1/2016 9:30,2.64,40.82,150
5/1/2016 9:45,2.53,41.17,150
5/1/2016 10:00,2.29,41.96,150
5/1/2016 10:15,2.33,39.91,150
5/1/2016 10:30,3.1,43.9,150
5/1/2016 10:45,3.09,42.6,150
5/1/2016 11:00,3.01,45.67,150
5/1/2016 11:15,2.97,42.85,150
5/1/2016 11:30,3.62,45.83,150
5/1/2016 11:45,3.2,46.01,150
5/1/2016 12:00,3.99,50,150
5/1/2016 12:15,4.29,58.3,150
5/1/2016 12:30,4.56,62.37,150
5/1/2016 12:45,4.61,60.95,150
5/1/2016 13:00,4.85,70.22,150
5/1/2016 13:15,4.28,63.93,150
5/1/2016 13:30,4.51,62.51,150
5/1/2016 13:45,4.89,68.24,150
5/1/2016 14:00,4.86,60.21,150
5/1/2016 14:15,4.66,56.35,150
5/1/2016 14:30,4.76,53.59,150
5/1/2016 14:45,4.7,57.18,150
5/1/2016 15:00,4.93,66.96,150
5/1/2016 15:15,4.83,72.38,150
5/1/2016 15:30,5.04,70.29,150
5/1/2016 15:45,5.2,69.99,150
5/1/2016 16:00,4.84,60.64,150
5/1/2016 16:15,4.87,63.31,150
5/1/2016 16:30,5.49,70.23,150
5/1/2016 16:45,5.93,74.49,150
5/1/2016 17:00,5.28,68.09,150
5/1/2016 17:15,5.77,68.88,150
5/1/2016 17:30,6.1,69.28,150
5/1/2016 17:45,5.93,60.43,150
5/1/2016 18:00,6.24,67.68,150
5/1/2016 18:15,6.4,72.95,150
5/1/2016 18:30,5.51,69.12,150
5/1/2016 18:45,5.17,66.02,150
5/1/2016 19:00,5.65,68,150
5/1/2016 19:15,6.12,68.6,150
5/1/2016 19:30,6.68,75.71,150
5/1/2016 19:45,6.94,83.51,150
5/1/2016 20:00,6.35,76.75,150
5/1/2016 20:15,5.56,78.12,150
5/1/2016 20:30,5.64,71.8,150
5/1/2016 20:45,6.39,75.18,150
5/1/2016 21:00,7.44,77.07,150
5/1/2016 21:15,8.41,77.99,150
5/1/2016 21:30,7.92,80.65,150
5/1/2016 21:45,7.54,87.51,150
5/1/2016 22:00,7.16,88.84,150
5/1/2016 22:15,6.41,79.45,150
5/1/2016 22:30,6.37,81.29,150
5/1/2016 22:45,6.25,67.49,150
5/1/2016 23:00,5.3,54.7,150
5/1/2016 23:15,4.55,47.86,150
5/1/2016 23:30,5.05,44.42,150
5/1/2016 23:45,4.76,47.15,150
5/2/2016 0:00,4.66,47.04,150
5/2/2016 0:15,4.52,39.63,150
5/2/2016 0:30,3.9,39.8,150
5/2/2016 0:45,3.73,39.41,150
5/2/2016 1:00,3.43,35.88,150
5/2/2016 1:15,3.14,31.14,150
5/2/2016 1:30,2.5,26.4,150
5/2/2016 1:45,1.92,22.54,150
5/2/2016 2:00,1.88,26.25,150
5/2/2016 2:15,2.2,32.65,150
5/2/2016 2:30,2.13,25.77,150
5/2/2016 2:45,2.03,22.08,150
5/2/2016 3:00,2.1,25.1,150
5/2/2016 3:15,1.61,24.26,150
5/2/2016 3:30,1.65,24.62,150
5/2/2016 3:45,1.66,23.31,150
5/2/2016 4:00,1.53,25.08,150
5/2/2016 4:15,1.79,26.29,150
5/2/2016 4:30,1.07,19.86,150
5/2/2016 4:45,0.99,19.28,150
5/2/2016 5:00,0.98,16.53,150
5/2/2016 5:15,0.77,13.53,150
5/2/2016 5:30,0.72,7.84,150
5/2/2016 5:45,0.74,12.12,150
5/2/2016 6:00,0.87,14.45,150
5/2/2016 6:15,0.74,13.05,150
5/2/2016 6:30,0.89,15.27,150
5/2/2016 6:45,0.84,13.7,150
5/2/2016 7:00,1.09,18.35,150
5/2/2016 7:15,1,16.79,150
5/2/2016 7:30,0.82,14.05,150
5/2/2016 7:45,0.78,13.64,150
5/2/2016 8:00,0.88,12.21,150
5/2/2016 8:15,0.77,11.42,150
5/2/2016 8:30,0.76,10.63,150
5/2/2016 8:45,0.77,10.56,150
5/2/2016 9:00,0.78,9.71,150
5/2/2016 9:15,0.73,10.88,150
5/2/2016 9:30,0.85,11.48,150
5/2/2016 9:45,1.69,23.44,150
5/2/2016 10:00,1.86,21.58,150
5/2/2016 10:15,1.61,23.46,150
5/2/2016 10:30,1.4,22.36,150
5/2/2016 10:45,1.7,24.99,150
5/2/2016 11:00,2.16,27.51,150
5/2/2016 11:15,2.1,31.15,150
5/2/2016 11:30,2.52,33.6,150
5/2/2016 11:45,2.1,29.53,150
5/2/2016 12:00,2.39,36.25,150
5/2/2016 12:15,1.96,30.13,150
5/2/2016 12:30,2.19,27.31,150
5/2/2016 12:45,2.52,33.7,150
5/2/2016 13:00,2.73,39.31,150
5/2/2016 13:15,2.69,36.54,150
5/2/2016 13:30,2.43,35.89,150
5/2/2016 13:45,2.27,32.83,150
5/2/2016 14:00,2.45,30.91,150
5/2/2016 14:15,2.81,31.27,150
5/2/2016 14:30,2.46,28.27,150
5/2/2016 14:45,1.81,31.74,150
5/2/2016 15:00,1.82,30.93,150
5/2/2016 15:15,1.77,28.35,150
5/2/2016 15:30,2.22,36.59,150
5/2/2016 15:45,3.04,49.63,150
5/2/2016 16:00,3.98,58.89,150
5/2/2016 16:15,5,58.79,150
5/2/2016 16:30,4.67,62.15,150
5/2/2016 16:45,4.49,58.2,150
5/2/2016 17:00,4.51,58.41,150
5/2/2016 17:15,5.03,60.24,150
5/2/2016 17:30,4.93,63.2,150
5/2/2016 17:45,4.86,60.5,150
5/2/2016 18:00,5.37,69.83,150
5/2/2016 18:15,5.43,80.46,150
5/2/2016 18:30,5.55,76.82,150
5/2/2016 18:45,5.65,70.21,150
5/2/2016 19:00,5.94,70.95,150
5/2/2016 19:15,5.51,65.53,150
5/2/2016 19:30,5.45,75.47,150
5/2/2016 19:45,5.13,74.2,150
5/2/2016 20:00,5.24,72.77,150
5/2/2016 20:15,5.41,74.71,150
5/2/2016 20:30,5.29,69.77,150
5/2/2016 20:45,5.23,64.57,150
5/2/2016 21:00,5.1,61.9,150
5/2/2016 21:15,4.63,60.63,150
5/2/2016 21:30,5.47,67.54,150
5/2/2016 21:45,5.13,63.8,150
5/2/2016 22:00,4.94,65.63,150
5/2/2016 22:15,5.98,66.25,150
5/2/2016 22:30,6.48,61.43,150
5/2/2016 22:45,6.35,58.23,150
5/2/2016 23:00,6.28,51,150
5/2/2016 23:15,5.53,48.05,150
5/2/2016 23:30,5.25,48.54,150
5/2/2016 23:45,5.33,42.05,150
5/3/2016 0:00,4.97,37.55,150
5/3/2016 0:15,4.81,35.52,150
5/3/2016 0:30,5.08,31.72,150
5/3/2016 0:45,3.57,22.96,150
5/3/2016 1:00,3.11,25.14,150
5/3/2016 1:15,2.85,29.02,150
5/3/2016 1:30,2.59,28.62,150
5/3/2016 1:45,2.06,21.54,150
5/3/2016 2:00,1.55,20.69,150
5/3/2016 2:15,1.46,19.6,150
5/3/2016 2:30,1.31,19.03,150
5/3/2016 2:45,1.16,13.65,150
5/3/2016 3:00,1.62,16.43,150
5/3/2016 3:15,1.14,15.83,150
5/3/2016 3:30,1,13.36,150
5/3/2016 3:45,1.42,15.84,150
5/3/2016 4:00,1.71,16.75,150
5/3/2016 4:15,1.6,18.61,150
5/3/2016 4:30,1.34,20.52,150
5/3/2016 4:45,1.13,18.7,150
5/3/2016 5:00,1.19,19.33,150
5/3/2016 5:15,1.26,19.67,150
5/3/2016 5:30,1.82,21.81,150
5/3/2016 5:45,1.32,20.58,150
5/3/2016 6:00,1.53,21.96,150
5/3/2016 6:15,1.51,14.65,150
5/3/2016 6:30,1.85,22.7,150
5/3/2016 6:45,2.58,21.74,150
5/3/2016 7:00,2.88,28.48,150
5/3/2016 7:15,2.78,30.79,150
5/3/2016 7:30,2.19,27.53,150
5/3/2016 7:45,1.69,24.94,150
5/3/2016 8:00,1.6,24.45,150
5/3/2016 8:15,2,30.04,150
5/3/2016 8:30,1.88,28.75,150
5/3/2016 8:45,1.64,21.88,150
5/3/2016 9:00,1.76,22.4,150
5/3/2016 9:15,1.65,21.58,150
5/3/2016 9:30,1.79,22.62,150
5/3/2016 9:45,1.89,26.15,150
5/3/2016 10:00,1.7,28.86,150
5/3/2016 10:15,1.78,29.61,150
5/3/2016 10:30,1.8,29.99,150
5/3/2016 10:45,1.63,25.22,150
5/3/2016 11:00,2.37,28.29,150
5/3/2016 11:15,1.86,27.6,150
5/3/2016 11:30,1.4,21.62,150
5/3/2016 11:45,1.54,24.63,150
5/3/2016 12:00,2.16,28.03,150
5/3/2016 12:15,2.2,27.01,150
5/3/2016 12:30,2.01,26.13,150
5/3/2016 12:45,1.98,28.58,150
5/3/2016 13:00,2.54,31.56,150
5/3/2016 13:15,2.46,32.85,150
5/3/2016 13:30,2.09,31.96,150
5/3/2016 13:45,2,29.6,150
5/3/2016 14:00,2.16,35.48,150
5/3/2016 14:15,1.88,30.4,150
5/3/2016 14:30,1.89,31.81,150
5/3/2016 14:45,2.16,35.62,150
5/3/2016 15:00,2.43,32.43,150
5/3/2016 15:15,2.08,30.3,150
5/3/2016 15:30,2.06,29.61,150
5/3/2016 15:45,3.04,38.13,150
5/3/2016 16:00,3.69,49.51,150
5/3/2016 16:15,4.11,64.93,150
5/3/2016 16:30,3.77,52.67,150
5/3/2016 16:45,3.13,53.14,150
5/3/2016 17:00,3.43,58.67,150
5/3/2016 17:15,3.69,58.11,150
5/3/2016 17:30,3.68,63.87,150
5/3/2016 17:45,3.81,65.16,150
5/3/2016 18:00,3.53,52.28,150
5/3/2016 18:15,3.26,47.79,150
5/3/2016 18:30,3.25,52.37,150
5/3/2016 18:45,3.38,48.41,150
5/3/2016 19:00,3.24,42.58,150
5/3/2016 19:15,3.42,46.94,150
5/3/2016 19:30,3.35,50.49,150
5/3/2016 19:45,3.87,59.87,150
5/3/2016 20:00,4.26,63.81,150
5/3/2016 20:15,4.32,62.44,150
5/3/2016 20:30,5.72,70.58,150
5/3/2016 20:45,5.78,77.7,150
5/3/2016 21:00,6.94,79.75,150
5/3/2016 21:15,6.17,77.31,150
5/3/2016 21:30,5.89,66.77,150
5/3/2016 21:45,5.96,66.54,150
5/3/2016 22:00,6.29,65.52,150
5/3/2016 22:15,6.53,65.32,150
5/3/2016 22:30,6.29,55.45,150
5/3/2016 22:45,6.11,57.01,150
5/3/2016 23:00,5.44,54.24,150
5/3/2016 23:15,5.15,44.15,150
5/3/2016 23:30,4.71,39.61,150
5/3/2016 23:45,4.36,34.12,150
5/4/2016 0:00,4.05,35.01,150
5/4/2016 0:15,3.5,36.21,150
5/4/2016 0:30,3.87,32.1,150
5/4/2016 0:45,4.1,33.24,150
5/4/2016 1:00,3.78,30.99,150
5/4/2016 1:15,3.46,29.25,150
5/4/2016 1:30,3.35,27.38,150
5/4/2016 1:45,2.19,24.68,150
5/4/2016 2:00,1.78,22,150
5/4/2016 2:15,1.88,20.79,150
5/4/2016 2:30,1.65,14.91,150
5/4/2016 2:45,1.25,10.52,150
5/4/2016 3:00,1.18,12.2,150
5/4/2016 3:15,1.15,10.67,150
5/4/2016 3:30,2.38,12.21,150
5/4/2016 3:45,1.51,12.23,150
5/4/2016 4:00,1.45,13.17,150
5/4/2016 4:15,1.56,10.15,150
5/4/2016 4:30,1.4,9.35,150
5/4/2016 4:45,1.25,12.22,150
5/4/2016 5:00,1.34,9.67,150
5/4/2016 5:15,1.26,7.51,150
5/4/2016 5:30,1.19,8.92,150
5/4/2016 5:45,1.03,12.44,150
5/4/2016 6:00,1.15,12.17,150
5/4/2016 6:15,1.23,12.65,150
5/4/2016 6:30,1.65,12.25,150
5/4/2016 6:45,2.05,17.62,150
5/4/2016 7:00,1.77,22.34,150
5/4/2016 7:15,1.78,22.49,150
5/4/2016 7:30,1.41,17.6,150
5/4/2016 7:45,1.75,17.02,150
5/4/2016 8:00,2.03,20.28,150
5/4/2016 8:15,2.05,25.52,150
5/4/2016 8:30,1.79,22.23,150
5/4/2016 8:45,1.85,21.7,150
5/4/2016 9:00,2.09,25.86,150
5/4/2016 9:15,2.01,29.02,150
5/4/2016 9:30,2.13,29.79,150
5/4/2016 9:45,1.94,28.16,150
5/4/2016 10:00,2.16,29.99,150
5/4/2016 10:15,2.52,28.29,150
5/4/2016 10:30,2.33,25.74,150
5/4/2016 10:45,1.82,25.42,150
5/4/2016 11:00,1.87,28.67,150
5/4/2016 11:15,1.93,29.43,150
5/4/2016 11:30,1.95,29.23,150
5/4/2016 11:45,2.28,27.88,150
5/4/2016 12:00,1.83,26.66,150
5/4/2016 12:15,1.98,26.29,150
5/4/2016 12:30,2.79,40.24,150
5/4/2016 12:45,3.82,41.67,150
5/4/2016 13:00,4.38,42.09,150
5/4/2016 13:15,3.41,39.85,150
5/4/2016 13:30,2.06,32.88,150
5/4/2016 13:45,2.32,33.19,150
5/4/2016 14:00,2.67,31.35,150
5/4/2016 14:15,2.17,33.23,150
5/4/2016 14:30,2.43,38.83,150
5/4/2016 14:45,2.7,37.08,150
5/4/2016 15:00,3.3,42.64,150
5/4/2016 15:15,2.47,37.31,150
5/4/2016 15:30,2.65,45.09,150
5/4/2016 15:45,3.32,51.49,150
5/4/2016 16:00,3.59,62.37,150
5/4/2016 16:15,3.69,66.36,150
5/4/2016 16:30,4.02,64.84,150
5/4/2016 16:45,4.58,69.52,150
5/4/2016 17:00,4.3,59.71,150
5/4/2016 17:15,3.75,61.33,150
5/4/2016 17:30,4.02,66.38,150
5/4/2016 17:45,3.56,58.87,150
5/4/2016 18:00,3.29,52.96,150
5/4/2016 18:15,4.1,65.45,150
5/4/2016 18:30,4.15,59.79,150
5/4/2016 18:45,4.4,58.7,150
5/4/2016 19:00,4.75,56.53,150
5/4/2016 19:15,4.54,54.86,150
5/4/2016 19:30,4.65,60.93,150
5/4/2016 19:45,4.37,60.91,150
5/4/2016 20:00,4.6,65.92,150
5/4/2016 20:15,5.23,67.1,150
5/4/2016 20:30,5.83,66.97,150
5/4/2016 20:45,5.46,74.14,150
5/4/2016 21:00,5.92,79.23,150
5/4/2016 21:15,6.6,82.63,150
5/4/2016 21:30,5.74,78.54,150
5/4/2016 21:45,5.59,76.01,150
5/4/2016 22:00,5.49,61.41,150
5/4/2016 22:15,5.91,67.78,150
5/4/2016 22:30,6.08,68.26,150
5/4/2016 22:45,6.08,66.88,150
5/4/2016 23:00,5.55,60.59,150
5/4/2016 23:15,4.86,54.17,150
5/4/2016 23:30,3.91,47.57,150
5/4/2016 23:45,3.82,53.7,150
5/5/2016 0:00,3.31,53.38,150
5/5/2016 0:15,3.29,42.95,150
5/5/2016 0:30,2.92,40.73,150
5/5/2016 0:45,2.26,35.81,150
5/5/2016 1:00,2.66,35.9,150
5/5/2016 1:15,2.15,32.85,150
5/5/2016 1:30,2.44,31.51,150
5/5/2016 1:45,1.84,25.16,150
5/5/2016 2:00,2.1,19.66,150
5/5/2016 2:15,2.25,20.35,150
5/5/2016 2:30,1.58,20.97,150
5/5/2016 2:45,1.4,18.74,150
5/5/2016 3:00,1.71,19.85,150
5/5/2016 3:15,1.43,16.88,150
5/5/2016 3:30,1.6,14,150
5/5/2016 3:45,1.53,11.26,150
5/5/2016 4:00,1.2,13.7,150
5/5/2016 4:15,1.03,12.91,150
5/5/2016 4:30,0.83,10.77,150
5/5/2016 4:45,0.86,12.13,150
5/5/2016 5:00,0.94,12.09,150
5/5/2016 5:15,0.9,9.29,150
5/5/2016 5:30,1.07,10.36,150
5/5/2016 5:45,1.43,9.8,150
5/5/2016 6:00,1.85,10.86,150
5/5/2016 6:15,1.49,14.85,150
5/5/2016 6:30,1.76,14.82,150
5/5/2016 6:45,1.88,18.49,150
5/5/2016 7:00,2.64,19.31,150
5/5/2016 7:15,2.82,21.17,150
5/5/2016 7:30,1.44,17.16,150
5/5/2016 7:45,1.29,12.31,150
5/5/2016 8:00,1.21,11.38,150
5/5/2016 8:15,1.35,13.7,150
5/5/2016 8:30,1.41,12.65,150
5/5/2016 8:45,1.2,14.93,150
5/5/2016 9:00,1.31,14.54,150
5/5/2016 9:15,1.72,15.2,150
5/5/2016 9:30,1.72,12.41,150
5/5/2016 9:45,1.99,13.32,150
5/5/2016 10:00,1.93,16.92,150
5/5/2016 10:15,2.23,27.52,150
5/5/2016 10:30,1.92,24.37,150
5/5/2016 10:45,1.8,21.24,150
5/5/2016 11:00,1.79,20.42,150
5/5/2016 11:15,1.78,25.34,150
5/5/2016 11:30,2.06,25.32,150
5/5/2016 11:45,1.75,26.23,150
5/5/2016 12:00,1.97,25.05,150
5/5/2016 12:15,2.64,28.54,150
5/5/2016 12:30,2.7,27.11,150
5/5/2016 12:45,2.22,26.81,150
5/5/2016 13:00,2.35,27.14,150
5/5/2016 13:15,2.73,30.64,150
5/5/2016 13:30,2.33,27.24,150
5/5/2016 13:45,2.98,30.23,150
5/5/2016 14:00,2.89,23.29,150
5/5/2016 14:15,3.44,25.84,150
5/5/2016 14:30,2.76,28.29,150
5/5/2016 14:45,2.59,31.9,150
5/5/2016 15:00,2.31,29.87,150
5/5/2016 15:15,2.28,27.35,150
5/5/2016 15:30,2.65,27.93,150
5/5/2016 15:45,3.05,39.39,150
5/5/2016 16:00,3.78,47.8,150
5/5/2016 16:15,4.38,46.34,150
5/5/2016 16:30,4.76,56.38,150
5/5/2016 16:45,4.28,52.63,150
5/5/2016 17:00,4,56.73,150
5/5/2016 17:15,4,52.77,150
5/5/2016 17:30,4.25,55.56,150
5/5/2016 17:45,4.39,54.99,150
5/5/2016 18:00,3.41,46.54,150
5/5/2016 18:15,3.22,45.74,150
5/5/2016 18:30,3.25,49.62,150
5/5/2016 18:45,3.44,54.86,150
5/5/2016 19:00,3.63,54.8,150
5/5/2016 19:15,3.94,59.9,150
5/5/2016 19:30,3.79,60.75,150
5/5/2016 19:45,3.9,63.8,150
5/5/2016 20:00,4,59.85,150
5/5/2016 20:15,4.5,66.86,150
5/5/2016 20:30,5.04,76.78,150
5/5/2016 20:45,5.04,79.43,150
5/5/2016 21:00,4.93,80.09,150
5/5/2016 21:15,5.48,71.55,150
5/5/2016 21:30,5.58,72.57,150
5/5/2016 21:45,5.77,63.61,150
5/5/2016 22:00,5.07,69.36,150
5/5/2016 22:15,4.73,61.48,150
5/5/2016 22:30,4.44,50.49,150
5/5/2016 22:45,3.89,51.63,150
5/5/2016 23:00,3.88,48.74,150
5/5/2016 23:15,3.65,43.38,150
5/5/2016 23:30,4.44,39.56,150
5/5/2016 23:45,4.3,42.5,150
5/6/2016 0:00,3.78,42.44,150
5/6/2016 0:15,4.09,42.15,150
5/6/2016 0:30,3.45,39.03,150
5/6/2016 0:45,3.23,37,150
5/6/2016 1:00,2.8,33.63,150
5/6/2016 1:15,3,29.31,150
5/6/2016 1:30,2.78,28.63,150
5/6/2016 1:45,2.47,25.1,150
5/6/2016 2:00,2.29,24.49,150
5/6/2016 2:15,1.94,24.97,150
5/6/2016 2:30,1.91,23.57,150
5/6/2016 2:45,2.15,20.78,150
5/6/2016 3:00,2.06,21.79,150
5/6/2016 3:15,1.97,21.54,150
5/6/2016 3:30,2.04,16.99,150
5/6/2016 3:45,1.97,17.24,150
5/6/2016 4:00,2.11,16.57,150
5/6/2016 4:15,2.04,21.34,150
5/6/2016 4:30,1.93,20.22,150
5/6/2016 4:45,1.79,18.08,150
5/6/2016 5:00,1.56,15.69,150
5/6/2016 5:15,1.11,16.83,150
5/6/2016 5:30,1.47,20.37,150
5/6/2016 5:45,2.23,19.87,150
5/6/2016 6:00,2.45,22.77,150
5/6/2016 6:15,1.85,19.94,150
5/6/2016 6:30,1.47,23.36,150
5/6/2016 6:45,2.28,28.81,150
5/6/2016 7:00,2.38,26.99,150
5/6/2016 7:15,2.2,28.22,150
5/6/2016 7:30,2.14,26.27,150
5/6/2016 7:45,2.19,22.53,150
5/6/2016 8:00,1.83,27.42,150
5/6/2016 8:15,2.07,33.42,150
5/6/2016 8:30,2.06,34.97,150
5/6/2016 8:45,2.17,34.08,150
5/6/2016 9:00,2.02,31.98,150
5/6/2016 9:15,2.03,30.99,150
5/6/2016 9:30,2.06,27.86,150
5/6/2016 9:45,2.54,27.75,150
5/6/2016 10:00,1.96,26.95,150
5/6/2016 10:15,2.11,23.03,150
5/6/2016 10:30,2.41,24.48,150
5/6/2016 10:45,2.03,20.87,150
5/6/2016 11:00,2.06,22.23,150
5/6/2016 11:15,3.08,28.67,150
5/6/2016 11:30,2.62,24.67,150
5/6/2016 11:45,2.53,21.8,150
5/6/2016 12:00,2.35,23.49,150
5/6/2016 12:15,2.45,26.8,150
5/6/2016 12:30,2.14,26.97,150
5/6/2016 12:45,1.93,21.5,150
5/6/2016 13:00,1.99,24.02,150
5/6/2016 13:15,1.84,23.9,150
5/6/2016 13:30,1.67,19.47,150
5/6/2016 13:45,2.2,20.75,150
5/6/2016 14:00,2.66,27.26,150
5/6/2016 14:15,2.76,29.96,150
5/6/2016 14:30,2.27,24.19,150
5/6/2016 14:45,2.1,21.22,150
5/6/2016 15:00,2.35,18.93,150
5/6/2016 15:15,2.36,18.21,150
5/6/2016 15:30,2.2,22.2,150
5/6/2016 15:45,3.7,40.31,150
5/6/2016 16:00,3.84,47.16,150
5/6/2016 16:15,4.01,52.81,150
5/6/2016 16:30,3.55,53.12,150
5/6/2016 16:45,3.73,52.85,150
5/6/2016 17:00,3.64,51.74,150
5/6/2016 17:15,2.73,46.48,150
5/6/2016 17:30,3.04,41.78,150
5/6/2016 17:45,2.82,36.06,150
5/6/2016 18:00,3.45,46.12,150
5/6/2016 18:15,3.15,51.49,150
5/6/2016 18:30,3.84,50.07,150
5/6/2016 18:45,4.63,42.51,150
5/6/2016 19:00,4.2,45.13,150
5/6/2016 19:15,3.55,47.39,150
5/6/2016 19:30,3.45,41.73,150
5/6/2016 19:45,3.48,36.67,150
5/6/2016 20:00,3.53,42.33,150
5/6/2016 20:15,3.93,44.78,150
5/6/2016 20:30,4.76,59.74,150
5/6/2016 20:45,5.02,58.4,150
5/6/2016 21:00,4.96,57.42,150
5/6/2016 21:15,6.57,64.71,150
5/6/2016 21:30,6.24,64.48,150
5/6/2016 21:45,5.28,67.68,150
5/6/2016 22:00,5.17,64.64,150
5/6/2016 22:15,5.32,63.74,150
5/6/2016 22:30,4.67,57.18,150
5/6/2016 22:45,4.2,52.5,150
5/6/2016 23:00,3.95,52.25,150
5/6/2016 23:15,4.24,61.32,150
5/6/2016 23:30,4.03,58.82,150
5/6/2016 23:45,3.4,50.57,150
5/7/2016 0:00,3.58,44.36,150
5/7/2016 0:15,3.29,44.88,150
5/7/2016 0:30,3.09,42.31,150
5/7/2016 0:45,2.95,38.27,150
5/7/2016 1:00,2.9,35.21,150
5/7/2016 1:15,2.89,30.97,150
5/7/2016 1:30,3.06,23.81,150
5/7/2016 1:45,2.4,20.1,150
5/7/2016 2:00,2.43,21.16,150
5/7/2016 2:15,2.39,17.29,150
5/7/2016 2:30,1.98,19.81,150
5/7/2016 2:45,1.94,16.22,150
5/7/2016 3:00,2.24,16.03,150
5/7/2016 3:15,2.09,11.39,150
5/7/2016 3:30,2.05,9.2,150
5/7/2016 3:45,1.77,8.02,150
5/7/2016 4:00,1.82,8.25,150
5/7/2016 4:15,2.3,11.74,150
5/7/2016 4:30,1.9,11.92,150
5/7/2016 4:45,1.74,10.63,150
5/7/2016 5:00,1.6,11.37,150
5/7/2016 5:15,1.62,9.8,150
5/7/2016 5:30,1.63,11.11,150
5/7/2016 5:45,1.68,11.38,150
5/7/2016 6:00,1.93,14.44,150
5/7/2016 6:15,1.91,15.97,150
5/7/2016 6:30,1.98,15.32,150
5/7/2016 6:45,2.16,12.89,150
5/7/2016 7:00,1.53,15.14,150
5/7/2016 7:15,1.86,20.96,150
5/7/2016 7:30,2.24,23.19,150
5/7/2016 7:45,2.3,20.9,150
5/7/2016 8:00,2.71,29.53,150
5/7/2016 8:15,3.03,34.27,150
5/7/2016 8:30,2.59,30.9,150
5/7/2016 8:45,2.42,30.72,150
5/7/2016 9:00,2.34,34.57,150
5/7/2016 9:15,2.46,41.06,150
5/7/2016 9:30,2.35,38.64,150
5/7/2016 9:45,2.43,39.27,150
5/7/2016 10:00,2.69,42.47,150
5/7/2016 10:15,2.77,44.75,150
5/7/2016 10:30,2.73,42.16,150
5/7/2016 10:45,2.6,37.01,150
5/7/2016 11:00,2.61,40.7,150
5/7/2016 11:15,2.96,45.83,150
5/7/2016 11:30,2.84,42.85,150
5/7/2016 11:45,2.52,41.34,150
5/7/2016 12:00,3.05,41.88,150
5/7/2016 12:15,3.26,42.08,150
5/7/2016 12:30,3.52,46.25,150
5/7/2016 12:45,3.75,41.82,150
5/7/2016 13:00,3.98,42.44,150
5/7/2016 13:15,3.13,41.34,150
5/7/2016 13:30,3.12,33.72,150
5/7/2016 13:45,3.36,32.84,150
5/7/2016 14:00,3.25,39.59,150
5/7/2016 14:15,3.46,42.19,150
5/7/2016 14:30,3.59,38.14,150
5/7/2016 14:45,3.59,42.57,150
5/7/2016 15:00,3.93,42.89,150
5/7/2016 15:15,3.4,44.98,150
5/7/2016 15:30,2.89,41.08,150
5/7/2016 15:45,3.39,38.46,150
5/7/2016 16:00,3.16,45.47,150
5/7/2016 16:15,3.19,40,150
5/7/2016 16:30,3.96,47.5,150
5/7/2016 16:45,3.77,44.68,150
5/7/2016 17:00,3.16,41.27,150
5/7/2016 17:15,2.85,38.62,150
5/7/2016 17:30,2.99,39.13,150
5/7/2016 17:45,2.74,34.78,150
5/7/2016 18:00,2.59,36.6,150
5/7/2016 18:15,2.48,33.71,150
5/7/2016 18:30,2.87,38.6,150
5/7/2016 18:45,2.5,36.24,150
5/7/2016 19:00,2.3,41.95,150
5/7/2016 19:15,2.76,46.59,150
5/7/2016 19:30,3.82,48.3,150
5/7/2016 19:45,3.29,48.64,150
5/7/2016 20:00,4.38,50.17,150
5/7/2016 20:15,4.14,54.8,150
5/7/2016 20:30,3.67,56.45,150
5/7/2016 20:45,4.48,65.25,150
5/7/2016 21:00,4.92,62.01,150
5/7/2016 21:15,5.05,58.63,150
5/7/2016 21:30,4.48,55.89,150
5/7/2016 21:45,4.63,64.14,150
5/7/2016 22:00,4.65,64.59,150
5/7/2016 22:15,4.38,61.55,150
5/7/2016 22:30,4.47,49.89,150
5/7/2016 22:45,4.44,56.69,150
5/7/2016 23:00,4.49,63.79,150
5/7/2016 23:15,4.8,58.09,150
5/7/2016 23:30,5.34,53.9,150
5/7/2016 23:45,4.5,49.5,150
5/8/2016 0:00,3.16,49.06,150
5/8/2016 0:15,3.14,46.57,150
5/8/2016 0:30,3.39,49.98,150
5/8/2016 0:45,3.39,46.13,150
5/8/2016 1:00,3.65,41.72,150
5/8/2016 1:15,3.45,38.24,150
5/8/2016 1:30,2.9,37.59,150
5/8/2016 1:45,2.53,33.3,150
5/8/2016 2:00,2.5,29.61,150
5/8/2016 2:15,1.9,24.29,150
5/8/2016 2:30,1.5,18.91,150
5/8/2016 2:45,1.25,22.94,150
5/8/2016 3:00,1.8,18.79,150
5/8/2016 3:15,1.94,19.13,150
5/8/2016 3:30,2.15,19.4,150
5/8/2016 3:45,1.79,17.19,150
5/8/2016 4:00,2.38,16.76,150
5/8/2016 4:15,2.42,13.39,150
5/8/2016 4:30,2.47,16.96,150
5/8/2016 4:45,1.86,16.33,150
5/8/2016 5:00,2.03,18.29,150
5/8/2016 5:15,1.43,18.49,150
5/8/2016 5:30,1.85,15.45,150
5/8/2016 5:45,1.7,13.96,150
5/8/2016 6:00,1.52,13.66,150
5/8/2016 6:15,1.64,16.03,150
5/8/2016 6:30,1.48,16.56,150
5/8/2016 6:45,1.46,17.25,150
5/8/2016 7:00,1.71,19.08,150
5/8/2016 7:15,1.44,18.09,150
5/8/2016 7:30,1.7,21.68,150
5/8/2016 7:45,2.09,23.31,150
5/8/2016 8:00,2.31,26.71,150
5/8/2016 8:15,2.54,31.8,150
5/8/2016 8:30,2.39,31.94,150
5/8/2016 8:45,2.94,35.15,150
5/8/2016 9:00,2.89,32.55,150
5/8/2016 9:15,2.92,37.34,150
5/8/2016 9:30,3.14,37.4,150
5/8/2016 9:45,3.46,44.85,150
5/8/2016 10:00,3.51,37.72,150
5/8/2016 10:15,3.55,38.71,150
5/8/2016 10:30,3.94,47.67,150
5/8/2016 10:45,3.48,48.11,150
5/8/2016 11:00,4.01,45.02,150
5/8/2016 11:15,4.39,43.91,150
5/8/2016 11:30,4.83,43.32,150
5/8/2016 11:45,4.04,40.48,150
5/8/2016 12:00,3.86,42.26,150
5/8/2016 12:15,3.51,42.12,150
5/8/2016 12:30,3.5,47.91,150
5/8/2016 12:45,3.73,49.19,150
5/8/2016 13:00,3.66,50.47,150
5/8/2016 13:15,4.04,50.14,150
5/8/2016 13:30,4.06,47.83,150
5/8/2016 13:45,4.09,48.69,150
5/8/2016 14:00,4.07,45.51,150
5/8/2016 14:15,4.05,44.15,150
5/8/2016 14:30,4.05,46.62,150
5/8/2016 14:45,4.51,49.44,150
5/8/2016 15:00,3.91,49.99,150
5/8/2016 15:15,3.68,47.1,150
5/8/2016 15:30,2.95,41.33,150
5/8/2016 15:45,3.13,40.84,150
5/8/2016 16:00,3.51,43.46,150
5/8/2016 16:15,3.87,48.41,150
5/8/2016 16:30,3.64,44.35,150
5/8/2016 16:45,3.7,42.29,150
5/8/2016 17:00,4.21,46.96,150
5/8/2016 17:15,4.28,43.19,150
5/8/2016 17:30,4.14,41.05,150
5/8/2016 17:45,4.26,46.4,150
5/8/2016 18:00,4.3,49.38,150
5/8/2016 18:15,5.54,59.35,150
5/8/2016 18:30,5.28,51.55,150
5/8/2016 18:45,4.59,44.89,150
5/8/2016 19:00,4.05,45.64,150
5/8/2016 19:15,4.3,49.37,150
5/8/2016 19:30,4.71,54.26,150
5/8/2016 19:45,5.11,59.79,150
5/8/2016 20:00,4.63,58.26,150
5/8/2016 20:15,5.49,67.94,150
5/8/2016 20:30,6.31,68.01,150
5/8/2016 20:45,6.35,56.63,150
5/8/2016 21:00,7.57,68.27,150
5/8/2016 21:15,7.34,71.39,150
5/8/2016 21:30,6.12,69.37,150
5/8/2016 21:45,6.35,69.32,150
5/8/2016 22:00,6.68,73.06,150
5/8/2016 22:15,7.18,73.88,150
5/8/2016 22:30,5.73,70.97,150
5/8/2016 22:45,5.55,72.77,150
5/8/2016 23:00,4.83,52.95,150
5/8/2016 23:15,4.3,48.56,150
5/8/2016 23:30,4.95,48.68,150
5/8/2016 23:45,5.05,44.12,150
5/9/2016 0:00,5.21,37.07,150
5/9/2016 0:15,4.14,40.55,150
5/9/2016 0:30,3.47,34.54,150
5/9/2016 0:45,3.12,32.48,150
5/9/2016 1:00,2.64,28.05,150
5/9/2016 1:15,2.46,27,150
5/9/2016 1:30,2.29,26.81,150
5/9/2016 1:45,1.56,19.16,150
5/9/2016 2:00,1.46,15.75,150
5/9/2016 2:15,1.44,10.88,150
5/9/2016 2:30,0.9,9.27,150
5/9/2016 2:45,1.6,8.85,150
5/9/2016 3:00,1.69,9.13,150
5/9/2016 3:15,1.36,6.9,150
5/9/2016 3:30,1.55,9.03,150
5/9/2016 3:45,1.99,8.18,150
5/9/2016 4:00,1.6,6.45,150
5/9/2016 4:15,1.92,9.3,150
5/9/2016 4:30,0.85,9.01,150
5/9/2016 4:45,1.24,11.37,150
5/9/2016 5:00,0.75,10.01,150
5/9/2016 5:15,0.72,9.27,150
5/9/2016 5:30,0.68,8.19,150
5/9/2016 5:45,1.03,11.17,150
5/9/2016 6:00,0.97,10.44,150
5/9/2016 6:15,1.06,11.02,150
5/9/2016 6:30,1.06,11.41,150
5/9/2016 6:45,1.43,18.18,150
5/9/2016 7:00,1.83,19.04,150
5/9/2016 7:15,1.67,16.3,150
5/9/2016 7:30,1.25,18.23,150
5/9/2016 7:45,0.99,10.64,150
5/9/2016 8:00,1.06,7.37,150
5/9/2016 8:15,0.98,9.74,150
5/9/2016 8:30,1.24,11.16,150
5/9/2016 8:45,1.39,18.11,150
5/9/2016 9:00,1.96,23.13,150
5/9/2016 9:15,2.13,22.87,150
5/9/2016 9:30,2.18,23.19,150
5/9/2016 9:45,2.19,28.54,150
5/9/2016 10:00,2.1,33.1,150
5/9/2016 10:15,1.69,27.91,150
5/9/2016 10:30,2.17,32.22,150
5/9/2016 10:45,2.28,38.57,150
5/9/2016 11:00,2.58,35.77,150
5/9/2016 11:15,2.12,34.5,150
5/9/2016 11:30,1.64,23.21,150
5/9/2016 11:45,2.24,23.54,150
5/9/2016 12:00,2.54,23.86,150
5/9/2016 12:15,2.82,31.27,150
5/9/2016 12:30,3.3,41.8,150
5/9/2016 12:45,2.96,39.11,150
5/9/2016 13:00,2.94,35.1,150
5/9/2016 13:15,2.94,31.11,150
5/9/2016 13:30,2.98,33.98,150
5/9/2016 13:45,2.95,33.93,150
5/9/2016 14:00,3.14,34.69,150
5/9/2016 14:15,2.79,37.41,150
5/9/2016 14:30,3.02,41.77,150
5/9/2016 14:45,2.94,41.78,150
5/9/2016 15:00,3.11,38.69,150
5/9/2016 15:15,3.31,32.68,150
5/9/2016 15:30,3.79,40.23,150
5/9/2016 15:45,4.26,47.59,150
5/9/2016 16:00,5.01,56.17,150
5/9/2016 16:15,4.93,56.59,150
5/9/2016 16:30,4.37,54.28,150
5/9/2016 16:45,5.17,62.28,150
5/9/2016 17:00,4.29,63.64,150
5/9/2016 17:15,3.53,50.9,150
5/9/2016 17:30,4.29,57.37,150
5/9/2016 17:45,4.91,57.37,150
5/9/2016 18:00,4.9,59.47,150
5/9/2016 18:15,4.39,59.73,150
5/9/2016 18:30,4.93,68.55,150
5/9/2016 18:45,4.53,68.23,150
5/9/2016 19:00,4.69,67.15,150
5/9/2016 19:15,5.46,77.22,150
5/9/2016 19:30,5.38,74.36,150
5/9/2016 19:45,5.54,76.74,150
5/9/2016 20:00,5.91,78.92,150
5/9/2016 20:15,5.97,81.72,150
5/9/2016 20:30,5.33,68.87,150
5/9/2016 20:45,5.87,74.75,150
5/9/2016 21:00,6.75,76.43,150
5/9/2016 21:15,6.58,70.32,150
5/9/2016 21:30,5.5,67.64,150
5/9/2016 21:45,5.6,71.91,150
5/9/2016 22:00,5.32,58.4,150
5/9/2016 22:15,5.15,56.48,150
5/9/2016 22:30,5.13,59.2,150
5/9/2016 22:45,5.22,53.59,150
5/9/2016 23:00,4.6,49.34,150
5/9/2016 23:15,5.41,49.76,150
5/9/2016 23:30,5.02,54.45,150
5/9/2016 23:45,4.65,48.39,150
5/10/2016 0:00,4.98,44.02,150
5/10/2016 0:15,4.94,42.93,150
5/10/2016 0:30,4.13,38.36,150
5/10/2016 0:45,4.19,41,150
5/10/2016 1:00,3.9,33.68,150
5/10/2016 1:15,4.36,35.02,150
5/10/2016 1:30,4.26,33.68,150
5/10/2016 1:45,3.44,31.84,150
5/10/2016 2:00,3.46,29.59,150
5/10/2016 2:15,2.84,26.75,150
5/10/2016 2:30,2.73,24.97,150
5/10/2016 2:45,2.77,24.18,150
5/10/2016 3:00,2.88,18.67,150
5/10/2016 3:15,2.35,17.88,150
5/10/2016 3:30,2.5,17.1,150
5/10/2016 3:45,2.15,12.66,150
5/10/2016 4:00,2.21,16.38,150
5/10/2016 4:15,1.93,15.74,150
5/10/2016 4:30,2.26,15.34,150
5/10/2016 4:45,2.62,15.8,150
5/10/2016 5:00,1.8,16.47,150
5/10/2016 5:15,1.59,11.12,150
5/10/2016 5:30,1.93,13.85,150
5/10/2016 5:45,1.17,10.36,150
5/10/2016 6:00,1.68,11.79,150
5/10/2016 6:15,1.77,12.99,150
5/10/2016 6:30,2.13,14.81,150
5/10/2016 6:45,2.22,20.07,150
5/10/2016 7:00,3,24.44,150
5/10/2016 7:15,3.21,25.71,150
5/10/2016 7:30,3.42,30.18,150
5/10/2016 7:45,2.5,23.98,150
5/10/2016 8:00,1.55,17.55,150
5/10/2016 8:15,1.7,15.79,150
5/10/2016 8:30,1.85,19.08,150
5/10/2016 8:45,1.48,19.21,150
5/10/2016 9:00,1.62,22.22,150
5/10/2016 9:15,2.16,25.71,150
5/10/2016 9:30,2.17,24.08,150
5/10/2016 9:45,1.73,19.92,150
5/10/2016 10:00,2.04,24.83,150
5/10/2016 10:15,1.96,29.19,150
5/10/2016 10:30,2.3,29.63,150
5/10/2016 10:45,2.62,29.66,150
5/10/2016 11:00,3.21,30.64,150
5/10/2016 11:15,3.52,30.69,150
5/10/2016 11:30,3.91,36.99,150
5/10/2016 11:45,3.53,36.46,150
5/10/2016 12:00,3.09,36.15,150
5/10/2016 12:15,2.52,34.11,150
5/10/2016 12:30,2.69,34.23,150
5/10/2016 12:45,2.99,38.58,150
5/10/2016 13:00,2.87,35.45,150
5/10/2016 13:15,2.71,34.54,150
5/10/2016 13:30,2.62,39.37,150
5/10/2016 13:45,2.25,29.94,150
5/10/2016 14:00,2.89,27.81,150
5/10/2016 14:15,3.61,31.53,150
5/10/2016 14:30,2.88,25.12,150
5/10/2016 14:45,3.12,23.84,150
5/10/2016 15:00,2.45,27.96,150
5/10/2016 15:15,3.12,29.61,150
5/10/2016 15:30,3.69,33.03,150
5/10/2016 15:45,5.29,49.77,150
5/10/2016 16:00,5.83,60.29,150
5/10/2016 16:15,6.38,62.66,150
5/10/2016 16:30,6.35,72.56,150
5/10/2016 16:45,6.08,70.18,150
5/10/2016 17:00,5.85,74.71,150
5/10/2016 17:15,5.15,70.8,150
5/10/2016 17:30,5.18,78.53,150
5/10/2016 17:45,5.39,81.18,150
5/10/2016 18:00,5.59,75.9,150
5/10/2016 18:15,4.66,67.41,150
5/10/2016 18:30,4.65,67.36,150
5/10/2016 18:45,4.85,71.41,150
5/10/2016 19:00,5.44,77.12,150
5/10/2016 19:15,5.23,77.6,150
5/10/2016 19:30,5.59,86.42,150
5/10/2016 19:45,5.51,78.42,150
5/10/2016 20:00,5.8,69.42,150
5/10/2016 20:15,5.47,69.12,150
5/10/2016 20:30,5.81,76.38,150
5/10/2016 20:45,6.28,81.78,150
5/10/2016 21:00,6.8,87.34,150
5/10/2016 21:15,6.75,90.14,150
5/10/2016 21:30,4.48,71.37,150
5/10/2016 21:45,4.75,68.89,150
5/10/2016 22:00,5.21,61.06,150
5/10/2016 22:15,5.28,59.17,150
5/10/2016 22:30,5.76,51.28,150
5/10/2016 22:45,5.83,50.01,150
5/10/2016 23:00,4.88,46.26,150
5/10/2016 23:15,3.9,45.39,150
5/10/2016 23:30,4.31,41.45,150
5/10/2016 23:45,4.96,41.55,150
5/11/2016 0:00,3.62,35.93,150
5/11/2016 0:15,3.41,40.79,150
5/11/2016 0:30,3.48,32.3,150
5/11/2016 0:45,2.91,30.34,150
5/11/2016 1:00,2.74,31.22,150
5/11/2016 1:15,3.32,27.62,150
5/11/2016 1:30,2.8,29.39,150
5/11/2016 1:45,3.16,34.42,150
5/11/2016 2:00,3.26,30.19,150
5/11/2016 2:15,2.77,25.95,150
5/11/2016 2:30,2.4,23.94,150
5/11/2016 2:45,2.03,20.88,150
5/11/2016 3:00,1.84,17.21,150
5/11/2016 3:15,2.01,19.4,150
5/11/2016 3:30,1.44,18.68,150
5/11/2016 3:45,1.24,19.02,150
5/11/2016 4:00,1.16,19.87,150
5/11/2016 4:15,1.03,18.41,150
5/11/2016 4:30,1.55,19.95,150
5/11/2016 4:45,1.69,20.21,150
5/11/2016 5:00,1.83,20.47,150
5/11/2016 5:15,1.78,20.72,150
5/11/2016 5:30,2.34,22.01,150
5/11/2016 5:45,2.11,19.02,150
5/11/2016 6:00,2.24,15.37,150
5/11/2016 6:15,2.6,18.51,150
5/11/2016 6:30,3.25,22.72,150
5/11/2016 6:45,2.8,23.03,150
5/11/2016 7:00,2.92,24.9,150
5/11/2016 7:15,2.77,24.46,150
5/11/2016 7:30,2.41,32.54,150
5/11/2016 7:45,1.99,22.64,150
5/11/2016 8:00,2.11,23.46,150
5/11/2016 8:15,1.98,23.42,150
5/11/2016 8:30,1.94,22.67,150
5/11/2016 8:45,1.66,20.62,150
5/11/2016 9:00,1.49,18.46,150
5/11/2016 9:15,1.59,20.95,150
5/11/2016 9:30,1.98,23.38,150
5/11/2016 9:45,1.78,23.1,150
5/11/2016 10:00,1.61,21.21,150
5/11/2016 10:15,2.25,21.43,150
5/11/2016 10:30,2.15,19.37,150
5/11/2016 10:45,1.93,19.75,150
5/11/2016 11:00,1.73,17.54,150
5/11/2016 11:15,2.54,26.38,150
5/11/2016 11:30,2.38,20.25,150
5/11/2016 11:45,2.1,19.87,150
5/11/2016 12:00,2.38,25.55,150
5/11/2016 12:15,2.09,19.68,150
5/11/2016 12:30,2.49,25.69,150
5/11/2016 12:45,2.81,28.69,150
5/11/2016 13:00,2.72,24.04,150
5/11/2016 13:15,2.64,25.28,150
5/11/2016 13:30,2.23,26.21,150
5/11/2016 13:45,1.98,26.2,150
5/11/2016 14:00,2.49,24.9,150
5/11/2016 14:15,2.66,33.64,150
5/11/2016 14:30,2.2,34.46,150
5/11/2016 14:45,1.99,30.96,150
5/11/2016 15:00,2.59,29.75,150
5/11/2016 15:15,2.97,33.86,150
5/11/2016 15:30,2.64,37.98,150
5/11/2016 15:45,2.99,43.64,150
5/11/2016 16:00,4.06,56.31,150
5/11/2016 16:15,3.93,61.63,150
5/11/2016 16:30,3.99,58.4,150
5/11/2016 16:45,4.34,60.85,150
5/11/2016 17:00,4.67,52.85,150
5/11/2016 17:15,4.4,56.13,150
5/11/2016 17:30,4.35,58.78,150
5/11/2016 17:45,4.18,55.2,150
5/11/2016 18:00,4.61,50.02,150
5/11/2016 18:15,4.95,54.22,150
5/11/2016 18:30,4.89,55.31,150
5/11/2016 18:45,4.33,56.33,150
5/11/2016 19:00,4.12,55.86,150
5/11/2016 19:15,4.44,60.93,150
5/11/2016 19:30,4.74,62.32,150
5/11/2016 19:45,4.16,67.41,150
5/11/2016 20:00,4.71,70.23,150
5/11/2016 20:15,5.29,67.18,150
5/11/2016 20:30,5.1,63.3,150
5/11/2016 20:45,5.94,65.23,150
5/11/2016 21:00,5.82,72.72,150
5/11/2016 21:15,6.03,71.25,150
5/11/2016 21:30,6.19,71.07,150
5/11/2016 21:45,6.2,64.62,150
5/11/2016 22:00,5.88,64.83,150
5/11/2016 22:15,5.67,57.6,150
5/11/2016 22:30,5.72,57.6,150
5/11/2016 22:45,6.63,58.2,150
5/11/2016 23:00,6.47,55.25,150
5/11/2016 23:15,5.54,44.67,150
5/11/2016 23:30,4.86,46.76,150
5/11/2016 23:45,4.8,51.01,150
5/12/2016 0:00,3.65,38.79,150
5/12/2016 0:15,2.79,34.3,150
5/12/2016 0:30,2.8,36.78,150
5/12/2016 0:45,2.73,33.53,150
5/12/2016 1:00,2.32,28.87,150
5/12/2016 1:15,3.14,27.07,150
5/12/2016 1:30,2.44,29.93,150
5/12/2016 1:45,2.21,23.64,150
5/12/2016 2:00,1.89,16.09,150
5/12/2016 2:15,1.44,14.69,150
5/12/2016 2:30,1.67,14.7,150
5/12/2016 2:45,1.62,12.74,150
5/12/2016 3:00,0.95,12.34,150
5/12/2016 3:15,1.07,16.51,150
5/12/2016 3:30,0.87,13.38,150
5/12/2016 3:45,0.77,11.07,150
5/12/2016 4:00,1.16,10.15,150
5/12/2016 4:15,0.87,10.87,150
5/12/2016 4:30,1.2,14.74,150
5/12/2016 4:45,1.13,11.93,150
5/12/2016 5:00,1.75,13,150
5/12/2016 5:15,1.99,11.86,150
5/12/2016 5:30,1.05,13.13,150
5/12/2016 5:45,1.48,12.51,150
5/12/2016 6:00,2.15,14.82,150
5/12/2016 6:15,1.82,16.26,150
5/12/2016 6:30,1.76,18.01,150
5/12/2016 6:45,1.89,27.69,150
5/12/2016 7:00,1.63,25.28,150
5/12/2016 7:15,2.24,30.23,150
5/12/2016 7:30,1.73,23.75,150
5/12/2016 7:45,1.49,18.16,150
5/12/2016 8:00,1.56,20.69,150
5/12/2016 8:15,1.6,22.64,150
5/12/2016 8:30,2.08,16.98,150
5/12/2016 8:45,1.96,20.13,150
5/12/2016 9:00,2.09,25.68,150
5/12/2016 9:15,2.03,24.41,150
5/12/2016 9:30,2.49,23.87,150
5/12/2016 9:45,2.79,21.49,150
5/12/2016 10:00,1.75,16.88,150
5/12/2016 10:15,1.41,17.12,150
5/12/2016 10:30,1.84,20.02,150
5/12/2016 10:45,1.37,19.29,150
5/12/2016 11:00,1.82,25.88,150
5/12/2016 11:15,2.13,23.71,150
5/12/2016 11:30,2.63,21.42,150
5/12/2016 11:45,2.2,23.22,150
5/12/2016 12:00,1.97,23.66,150
5/12/2016 12:15,2.18,21.7,150
5/12/2016 12:30,1.84,21.65,150
5/12/2016 12:45,2.02,25.34,150
5/12/2016 13:00,2.44,28.07,150
5/12/2016 13:15,2.33,23.85,150
5/12/2016 13:30,2.02,27.64,150
5/12/2016 13:45,2.06,27.77,150
5/12/2016 14:00,2.18,26.87,150
5/12/2016 14:15,1.85,20.2,150
5/12/2016 14:30,2.12,21.12,150
5/12/2016 14:45,2.32,23.13,150
5/12/2016 15:00,2.41,25.05,150
5/12/2016 15:15,2.65,23.27,150
5/12/2016 15:30,2.9,27.58,150
5/12/2016 15:45,4.44,44.76,150
5/12/2016 16:00,4.96,58.74,150
5/12/2016 16:15,4.78,61.81,150
5/12/2016 16:30,4.69,62.06,150
5/12/2016 16:45,5.21,69.31,150
5/12/2016 17:00,5.17,68.19,150
5/12/2016 17:15,4.79,64.23,150
5/12/2016 17:30,4.42,57.65,150
5/12/2016 17:45,4.63,58.67,150
5/12/2016 18:00,4.89,61.34,150
5/12/2016 18:15,4.29,54.4,150
5/12/2016 18:30,5.32,68.72,150
5/12/2016 18:45,5.22,64.29,150
5/12/2016 19:00,4.81,60.89,150
5/12/2016 19:15,4.85,64.92,150
5/12/2016 19:30,5.37,68.86,150
5/12/2016 19:45,6.91,68.21,150
5/12/2016 20:00,6.49,65.56,150
5/12/2016 20:15,6.6,71.8,150
5/12/2016 20:30,6.25,69.05,150
5/12/2016 20:45,6.46,70.26,150
5/12/2016 21:00,5.86,73.63,150
5/12/2016 21:15,6.04,73.71,150
5/12/2016 21:30,6.54,66.98,150
5/12/2016 21:45,5.44,56.95,150
5/12/2016 22:00,5.19,57.39,150
5/12/2016 22:15,5.7,55.72,150
5/12/2016 22:30,6.44,52.82,150
5/12/2016 22:45,6.54,46.75,150
5/12/2016 23:00,6.23,35.53,150
5/12/2016 23:15,5.21,30.91,150
5/12/2016 23:30,5.46,32.72,150
5/12/2016 23:45,4.36,35.39,150
5/13/2016 0:00,3.46,37.33,150
5/13/2016 0:15,2.64,30.4,150
5/13/2016 0:30,2.35,30.03,150
5/13/2016 0:45,2.94,31.8,150
5/13/2016 1:00,2.66,34.18,150
5/13/2016 1:15,2.39,29.86,150
5/13/2016 1:30,3.17,28.75,150
5/13/2016 1:45,2.55,25.16,150
5/13/2016 2:00,2.06,25.65,150
5/13/2016 2:15,2.01,24.68,150
5/13/2016 2:30,2.33,20.2,150
5/13/2016 2:45,2.05,18.05,150
5/13/2016 3:00,2,16.67,150
5/13/2016 3:15,1.8,15.79,150
5/13/2016 3:30,1.34,14.27,150
5/13/2016 3:45,1.32,15.54,150
5/13/2016 4:00,1.41,14.33,150
5/13/2016 4:15,1.21,14.33,150
5/13/2016 4:30,1.05,13.5,150
5/13/2016 4:45,1.39,12.75,150
5/13/2016 5:00,1.28,13.94,150
5/13/2016 5:15,0.93,14.55,150
5/13/2016 5:30,1.35,14.16,150
5/13/2016 5:45,0.97,10.99,150
5/13/2016 6:00,1.56,13.54,150
5/13/2016 6:15,1.76,15.96,150
5/13/2016 6:30,1.69,14.59,150
5/13/2016 6:45,1.78,18,150
5/13/2016 7:00,2.29,24.7,150
5/13/2016 7:15,3.08,31.91,150
5/13/2016 7:30,1.88,24.26,150
5/13/2016 7:45,1.44,20.11,150
5/13/2016 8:00,1.92,24.69,150
5/13/2016 8:15,1.51,21.21,150
5/13/2016 8:30,1.81,24.98,150
5/13/2016 8:45,1.54,23.68,150
5/13/2016 9:00,1.55,22.42,150
5/13/2016 9:15,1.47,23.66,150
5/13/2016 9:30,1.4,22.54,150
5/13/2016 9:45,1.67,18.53,150
5/13/2016 10:00,1.71,19.99,150
5/13/2016 10:15,2.04,24.58,150
5/13/2016 10:30,2.03,28,150
5/13/2016 10:45,2.32,32.95,150
5/13/2016 11:00,2.09,33.8,150
5/13/2016 11:15,2.31,30.99,150
5/13/2016 11:30,2.16,29.1,150
5/13/2016 11:45,1.97,27.99,150
5/13/2016 12:00,2.46,30.21,150
5/13/2016 12:15,2.13,33.78,150
5/13/2016 12:30,2.37,32.33,150
5/13/2016 12:45,2.38,35.4,150
5/13/2016 13:00,2.07,29.34,150
5/13/2016 13:15,2.42,37.33,150
5/13/2016 13:30,2.78,36.29,150
5/13/2016 13:45,2.77,33.03,150
5/13/2016 14:00,2.65,37.16,150
5/13/2016 14:15,2.74,33.4,150
5/13/2016 14:30,1.94,29.81,150
5/13/2016 14:45,2.61,33.23,150
5/13/2016 15:00,3.25,35.11,150
5/13/2016 15:15,3.08,28.51,150
5/13/2016 15:30,3,36.28,150
5/13/2016 15:45,3.83,48.3,150
5/13/2016 16:00,4.14,58.01,150
5/13/2016 16:15,4.53,57.64,150
5/13/2016 16:30,4.34,57.8,150
5/13/2016 16:45,5.04,63.31,150
5/13/2016 17:00,4.72,67.57,150
5/13/2016 17:15,4.75,65.5,150
5/13/2016 17:30,4.73,63.85,150
5/13/2016 17:45,4.75,67.79,150
5/13/2016 18:00,5.52,71.28,150
5/13/2016 18:15,5.3,67.65,150
5/13/2016 18:30,4.96,66.06,150
5/13/2016 18:45,4.65,64.23,150
5/13/2016 19:00,4.63,66.32,150
5/13/2016 19:15,3.71,58.44,150
5/13/2016 19:30,3.54,54.94,150
5/13/2016 19:45,4.05,61.41,150
5/13/2016 20:00,3.77,58.09,150
5/13/2016 20:15,4.61,68.82,150
5/13/2016 20:30,4.98,69.19,150
5/13/2016 20:45,5.35,64.85,150
5/13/2016 21:00,5.11,61.18,150
5/13/2016 21:15,4.61,63.42,150
5/13/2016 21:30,4.71,60.08,150
5/13/2016 21:45,6.19,70.73,150
5/13/2016 22:00,6.19,64.91,150
5/13/2016 22:15,5.61,65.68,150
5/13/2016 22:30,5.2,60.3,150
5/13/2016 22:45,4.92,66.81,150
5/13/2016 23:00,4.99,60.7,150
5/13/2016 23:15,4.66,55.83,150
5/13/2016 23:30,4.81,49.58,150
5/13/2016 23:45,4.85,44.9,150
5/14/2016 0:00,4.54,49.14,150
5/14/2016 0:15,4.45,45.68,150
5/14/2016 0:30,4.21,43.08,150
5/14/2016 0:45,4.37,45.57,150
5/14/2016 1:00,4.1,42.07,150
5/14/2016 1:15,3.95,44.92,150
5/14/2016 1:30,3.64,40.09,150
5/14/2016 1:45,2.66,27.49,150
5/14/2016 2:00,2.72,25.38,150
5/14/2016 2:15,2.78,25.08,150
5/14/2016 2:30,2.39,21.67,150
5/14/2016 2:45,2.3,15.81,150
5/14/2016 3:00,2.05,14.52,150
5/14/2016 3:15,2.27,14.41,150
5/14/2016 3:30,2.15,15.57,150
5/14/2016 3:45,1.61,13.71,150
5/14/2016 4:00,1.99,11.48,150
5/14/2016 4:15,2.27,12.87,150
5/14/2016 4:30,2.08,11.65,150
5/14/2016 4:45,1.9,10.07,150
5/14/2016 5:00,2.19,8.09,150
5/14/2016 5:15,1.54,7.49,150
5/14/2016 5:30,1.5,11.22,150
5/14/2016 5:45,2.17,14.18,150
5/14/2016 6:00,2.03,7.39,150
5/14/2016 6:15,1.84,9.93,150
5/14/2016 6:30,1.62,9.57,150
5/14/2016 6:45,2.2,11.06,150
5/14/2016 7:00,2.35,17.39,150
5/14/2016 7:15,2.54,25.09,150
5/14/2016 7:30,2.55,26.39,150
5/14/2016 7:45,2.03,30.34,150
5/14/2016 8:00,2.51,34.45,150
5/14/2016 8:15,2.59,34.23,150
5/14/2016 8:30,2.4,38.7,150
5/14/2016 8:45,2.88,37.71,150
5/14/2016 9:00,3.92,46.41,150
5/14/2016 9:15,4.37,51.11,150
5/14/2016 9:30,4.17,47.44,150
5/14/2016 9:45,4.51,53.05,150
5/14/2016 10:00,4.29,56.82,150
5/14/2016 10:15,4.08,56.33,150
5/14/2016 10:30,4.68,56.38,150
5/14/2016 10:45,4.57,57.38,150
5/14/2016 11:00,4.64,62.09,150
5/14/2016 11:15,4.78,59.73,150
5/14/2016 11:30,4.84,61.7,150
5/14/2016 11:45,5.02,65.49,150
5/14/2016 12:00,4.75,62.45,150
5/14/2016 12:15,4.48,67.34,150
5/14/2016 12:30,5.02,74.05,150
5/14/2016 12:45,4.38,75.17,150
5/14/2016 13:00,4.24,69.73,150
5/14/2016 13:15,3.69,60.81,150
5/14/2016 13:30,4.1,51.54,150
5/14/2016 13:45,4.05,50.68,150
5/14/2016 14:00,4.08,48.56,150
5/14/2016 14:15,4.41,51.69,150
5/14/2016 14:30,4.36,50.49,150
5/14/2016 14:45,4.55,60.92,150
5/14/2016 15:00,4.14,56.21,150
5/14/2016 15:15,4.55,51.29,150
5/14/2016 15:30,4.34,44.29,150
5/14/2016 15:45,4.13,50.26,150
5/14/2016 16:00,4.25,50.42,150
5/14/2016 16:15,4.84,55.37,150
5/14/2016 16:30,3.71,51.78,150
5/14/2016 16:45,4.64,68.25,150
5/14/2016 17:00,5.5,74.1,150
5/14/2016 17:15,4.49,70.19,150
5/14/2016 17:30,4.43,69.86,150
5/14/2016 17:45,3.83,63.93,150
5/14/2016 18:00,4.36,67.11,150
5/14/2016 18:15,4.88,73.42,150
5/14/2016 18:30,5.08,68.74,150
5/14/2016 18:45,4.71,66.57,150
5/14/2016 19:00,5.05,69.4,150
5/14/2016 19:15,5.34,68.25,150
5/14/2016 19:30,4.49,68.91,150
5/14/2016 19:45,5.2,74.67,150
5/14/2016 20:00,5.03,72.31,150
5/14/2016 20:15,5.07,73.58,150
5/14/2016 20:30,5.42,70.91,150
5/14/2016 20:45,5.32,68.62,150
5/14/2016 21:00,5.38,71.86,150
5/14/2016 21:15,4.74,71.07,150
5/14/2016 21:30,4.85,63.3,150
5/14/2016 21:45,4.38,63.16,150
5/14/2016 22:00,5.48,75.6,150
5/14/2016 22:15,5.21,79.34,150
5/14/2016 22:30,4.77,80.03,150
5/14/2016 22:45,4.2,61.46,150
5/14/2016 23:00,3.89,61.29,150
5/14/2016 23:15,4.24,63.04,150
5/14/2016 23:30,4.61,60.31,150
5/14/2016 23:45,4.1,57.2,150
5/15/2016 0:00,4.13,54.01,150
5/15/2016 0:15,4.04,53.24,150
5/15/2016 0:30,3.68,56.14,150
5/15/2016 0:45,3.91,49,150
5/15/2016 1:00,4.8,54.89,150
5/15/2016 1:15,4.27,47.56,150
5/15/2016 1:30,3.7,49.01,150
5/15/2016 1:45,3.72,45.6,150
5/15/2016 2:00,3.08,40.13,150
5/15/2016 2:15,2.65,38.5,150
5/15/2016 2:30,2.23,33.63,150
5/15/2016 2:45,2.45,33.11,150
5/15/2016 3:00,3.33,26.62,150
5/15/2016 3:15,1.58,22.29,150
5/15/2016 3:30,1.29,18.95,150
5/15/2016 3:45,1.25,18.47,150
5/15/2016 4:00,1.17,19.22,150
5/15/2016 4:15,0.92,15.27,150
5/15/2016 4:30,1.08,17.3,150
5/15/2016 4:45,0.79,11.73,150
5/15/2016 5:00,0.77,10.63,150
5/15/2016 5:15,1.01,10.02,150
5/15/2016 5:30,1.16,10.39,150
5/15/2016 5:45,1.01,9.19,150
5/15/2016 6:00,1.18,11.72,150
5/15/2016 6:15,1.56,15.36,150
5/15/2016 6:30,1.66,18.67,150
5/15/2016 6:45,1.76,22.44,150
5/15/2016 7:00,1.9,20.93,150
5/15/2016 7:15,1.88,20.13,150
5/15/2016 7:30,1.55,19.44,150
5/15/2016 7:45,2.07,23.1,150
5/15/2016 8:00,3.34,32.49,150
5/15/2016 8:15,4.09,41.33,150
5/15/2016 8:30,3.95,40.08,150
5/15/2016 8:45,3.92,38.72,150
5/15/2016 9:00,4.78,40.03,150
5/15/2016 9:15,3.72,48.83,150
5/15/2016 9:30,3.93,51.02,150
5/15/2016 9:45,3.88,51.68,150
5/15/2016 10:00,3.72,49.02,150
5/15/2016 10:15,3.89,50.4,150
5/15/2016 10:30,3.57,50.84,150
5/15/2016 10:45,4.1,49.38,150
5/15/2016 11:00,4.3,55.98,150
5/15/2016 11:15,3.8,52.84,150
5/15/2016 11:30,4.5,55.44,150
5/15/2016 11:45,4.25,58.17,150
5/15/2016 12:00,3.9,61.07,150
5/15/2016 12:15,3.7,62.79,150
5/15/2016 12:30,3.8,59.55,150
5/15/2016 12:45,4.52,60.71,150
5/15/2016 13:00,4.29,64.69,150
5/15/2016 13:15,4.55,72.15,150
5/15/2016 13:30,4.87,68.97,150
5/15/2016 13:45,4.6,66.46,150
5/15/2016 14:00,4.51,59.2,150
5/15/2016 14:15,5.31,69.17,150
5/15/2016 14:30,5.39,75,150
5/15/2016 14:45,5.63,72.38,150
5/15/2016 15:00,5.35,77.02,150
5/15/2016 15:15,5.36,70.46,150
5/15/2016 15:30,5.27,71.83,150
5/15/2016 15:45,4.98,64.43,150
5/15/2016 16:00,5.3,74.94,150
5/15/2016 16:15,5.12,77.9,150
5/15/2016 16:30,5.81,76.67,150
5/15/2016 16:45,5.21,68.73,150
5/15/2016 17:00,5.07,62.88,150
5/15/2016 17:15,5.21,61.09,150
5/15/2016 17:30,4.99,65.77,150
5/15/2016 17:45,5.68,69.68,150
5/15/2016 18:00,5.31,74.91,150
5/15/2016 18:15,5.7,75.61,150
5/15/2016 18:30,5.95,78.03,150
5/15/2016 18:45,5.49,72.79,150
5/15/2016 19:00,5.39,68.02,150
5/15/2016 19:15,5.6,76.85,150
5/15/2016 19:30,5.7,79.92,150
5/15/2016 19:45,5.75,80.86,150
5/15/2016 20:00,5.41,72.25,150
5/15/2016 20:15,5.35,70.65,150
5/15/2016 20:30,6.11,83.25,150
5/15/2016 20:45,6,78.37,150
5/15/2016 21:00,5.36,73.98,150
5/15/2016 21:15,6.3,79.27,150
5/15/2016 21:30,6.24,76.26,150
5/15/2016 21:45,4.97,63.94,150
5/15/2016 22:00,5.5,67.34,150
5/15/2016 22:15,5.58,65.69,150
5/15/2016 22:30,5.17,60.16,150
5/15/2016 22:45,5.47,56.29,150
5/15/2016 23:00,6.19,50.92,150
5/15/2016 23:15,5.33,46.86,150
5/15/2016 23:30,5.35,49.92,150
5/15/2016 23:45,4.59,42.82,150
5/16/2016 0:00,4.49,43.71,150
5/16/2016 0:15,4.37,39.59,150
5/16/2016 0:30,3.92,37.93,150
5/16/2016 0:45,3.56,37.86,150
5/16/2016 1:00,3.03,33.15,150
5/16/2016 1:15,2.86,33.66,150
5/16/2016 1:30,3.11,28.88,150
5/16/2016 1:45,2.99,24.77,150
5/16/2016 2:00,2.4,20.1,150
5/16/2016 2:15,2.94,18.77,150
5/16/2016 2:30,3.26,15.32,150
5/16/2016 2:45,3.05,15.77,150
5/16/2016 3:00,2.38,18.01,150
5/16/2016 3:15,1.95,19.35,150
5/16/2016 3:30,1.92,19.05,150
5/16/2016 3:45,1.76,14.35,150
5/16/2016 4:00,1.77,14.54,150
5/16/2016 4:15,2.15,14.2,150
5/16/2016 4:30,2.01,14.35,150
5/16/2016 4:45,1.92,16.77,150
5/16/2016 5:00,1.32,16.7,150
5/16/2016 5:15,1.19,13.55,150
5/16/2016 5:30,1.82,16.01,150
5/16/2016 5:45,1.88,18.28,150
5/16/2016 6:00,1.29,14.19,150
5/16/2016 6:15,1.37,11,150
5/16/2016 6:30,1.52,13.69,150
5/16/2016 6:45,2.48,22.02,150
5/16/2016 7:00,2.19,26.69,150
5/16/2016 7:15,2.49,27.44,150
5/16/2016 7:30,2.41,25.51,150
5/16/2016 7:45,2.25,26.51,150
5/16/2016 8:00,2.24,25.89,150
5/16/2016 8:15,2.35,24.08,150
5/16/2016 8:30,2.99,24.62,150
5/16/2016 8:45,2.76,23.89,150
5/16/2016 9:00,2.53,23.52,150
5/16/2016 9:15,2.76,27.48,150
5/16/2016 9:30,3.56,28.05,150
5/16/2016 9:45,3.53,26.31,150
5/16/2016 10:00,2.42,22.9,150
5/16/2016 10:15,2.44,27.47,150
5/16/2016 10:30,2.23,31.49,150
5/16/2016 10:45,1.69,26.99,150
5/16/2016 11:00,1.63,19.89,150
5/16/2016 11:15,1.82,20.92,150
5/16/2016 11:30,2.05,24.48,150
5/16/2016 11:45,1.51,19.63,150
5/16/2016 12:00,1.38,16.77,150
5/16/2016 12:15,1.75,19.32,150
5/16/2016 12:30,2.12,24.53,150
5/16/2016 12:45,2.12,24.92,150
5/16/2016 13:00,2.41,23.93,150
5/16/2016 13:15,2.27,28.83,150
5/16/2016 13:30,2.23,27.56,150
5/16/2016 13:45,2.62,29.87,150
5/16/2016 14:00,2.55,32.15,150
5/16/2016 14:15,2.29,28.61,150
5/16/2016 14:30,2.08,25.54,150
5/16/2016 14:45,1.84,23.61,150
5/16/2016 15:00,1.93,23.51,150
5/16/2016 15:15,2.36,29.6,150
5/16/2016 15:30,2.48,28.29,150
5/16/2016 15:45,2.77,40.93,150
5/16/2016 16:00,3.54,48.58,150
5/16/2016 16:15,3.79,54,150
5/16/2016 16:30,3.62,49.1,150
5/16/2016 16:45,4.22,46.8,150
5/16/2016 17:00,4.22,50,150
5/16/2016 17:15,4.49,55.94,150
5/16/2016 17:30,4.21,55.11,150
5/16/2016 17:45,3.73,52.27,150
5/16/2016 18:00,3.76,57.94,150
5/16/2016 18:15,4.28,56.89,150
5/16/2016 18:30,4.69,66.92,150
5/16/2016 18:45,5.22,64.22,150
5/16/2016 19:00,5.36,58.72,150
5/16/2016 19:15,5.13,58.92,150
5/16/2016 19:30,4.93,54.8,150
5/16/2016 19:45,4.66,59.09,150
5/16/2016 20:00,4.78,57.34,150
5/16/2016 20:15,4.97,64.75,150
5/16/2016 20:30,5.3,69.13,150
5/16/2016 20:45,6.07,72.61,150
5/16/2016 21:00,6.38,68.73,150
5/16/2016 21:15,7.42,80.42,150
5/16/2016 21:30,8.06,86.23,150
5/16/2016 21:45,7.93,76.9,150
5/16/2016 22:00,7.17,76.65,150
5/16/2016 22:15,6.6,72.46,150
5/16/2016 22:30,6.24,57.04,150
5/16/2016 22:45,6.96,63.61,150
5/16/2016 23:00,7.3,70.71,150
5/16/2016 23:15,6.29,66.07,150
5/16/2016 23:30,5.69,55.28,150
5/16/2016 23:45,4.81,47.56,150
5/17/2016 0:00,4.34,37.8,150
